,cluster,set_median_graph_index,set_median_graph_pattern_id
0,0,124,(w10-gp(w9-gp(w15-gp(w14-gp(w2-gp(w3-gp(w3-gp(w14-gp(w1-gp55-tp3-num1)-tp9-num1)-tp19-num1)-tp3-num1)-tp3-num1)-tp15-num1)-tp6-num1)-tp6-num3)-tp6-num1)
1,1,1105,(w15-gp(w8-gp(w2-gp(w8-gp(w14-gp(w2-gp(w3-gp(w3-gp(w14-gp(w1-gp55-tp3-num1)-tp9-num1)-tp19-num1)-tp3-num1)-tp3-num1)-tp3-num1)-tp6-num2)-tp6-num1)-tp17-num1)-tp6-num1)
2,2,715,(w8-gp(w15-gp(w6-gp(w15-gp(w12-gp(w7-gp(w3-gp(w14-gp(w1-gp55-tp3-num1)-tp9-num1)-tp12-num1)-tp3-num1)-tp3-num1)-tp9-num2)-tp6-num1)-tp6-num1)-tp3242-num1)
3,3,1694,(w14-gp(w8-gp(w12-gp(w1-gp(w1-gp(w1-gp(w1-gp(w1-gp(w1-gp(w1-gp(w1-gp55-tp13-num1)-tp3-num1)-tp3-num1)-tp3-num1)-tp3-num1)-tp3-num1)-tp9-num1)-tp6-num1)-tp6-num2)-tp6-num1)-tp19-num1)
4,4,954,(w12-gp(w6-gp(w8-gp(w6-gp(w15-gp(w12-gp(w7-gp(w3-gp(w14-gp(w1-gp55-tp3-num1)-tp9-num1)-tp12-num1)-tp3-num1)-tp3-num1)-tp9-num2)-tp9-num1)-tp6-num2)-tp17-num1)-tp6-num1)
5,5,709,(w8-gp(w15-gp(w6-gp(w15-gp(w12-gp(w7-gp(w3-gp(w14-gp(w1-gp55-tp3-num1)-tp9-num1)-tp12-num1)-tp3-num1)-tp3-num1)-tp9-num2)-tp6-num1)-tp6-num1)-tp1166-num1)
6,6,719,(w8-gp(w15-gp(w6-gp(w15-gp(w12-gp(w7-gp(w3-gp(w14-gp(w1-gp55-tp3-num1)-tp9-num1)-tp12-num1)-tp3-num1)-tp3-num1)-tp9-num2)-tp6-num1)-tp6-num1)-tp6787-num1)
7,7,931,(w12-gp(w12-gp(w3-gp(w4-gp(w5-gp(w9-gp(w15-gp(w3-gp(w14-gp(w1-gp55-tp3-num1)-tp9-num1)-tp458-num1)-tp3-num1)-tp3-num1)-tp3-num1)-tp6-num2)-tp6-num1)-tp6-num2)-tp658-num1)
8,8,1033,(w14-gp(w11-gp(w9-gp(w11-gp(w11-gp(w2-gp(w14-gp(w3-gp(w14-gp(w1-gp55-tp3-num1)-tp9-num1)-tp0-num1)-tp3-num1)-tp6-num1)-tp15-num1)-tp9-num1)-tp6-num1)-tp24-num1)-tp6-num1)
9,9,20,(w1-gp(w11-gp(w14-gp(w7-gp(w6-gp(w10-gp(w3-gp(w14-gp(w1-gp55-tp3-num1)-tp9-num1)-tp68-num1)-tp3-num1)-tp3-num1)-tp9-num2)-tp6-num1)-tp6-num2)-tp2355-num1)
10,10,929,(w12-gp(w12-gp(w3-gp(w4-gp(w5-gp(w9-gp(w15-gp(w3-gp(w14-gp(w1-gp55-tp3-num1)-tp9-num1)-tp458-num1)-tp3-num1)-tp3-num1)-tp3-num1)-tp6-num2)-tp6-num1)-tp6-num2)-tp1346-num1)
11,11,1245,(w4-gp(w8-gp(w15-gp(w6-gp(w15-gp(w12-gp(w7-gp(w3-gp(w14-gp(w1-gp55-tp3-num1)-tp9-num1)-tp12-num1)-tp3-num1)-tp3-num1)-tp9-num2)-tp6-num1)-tp6-num1)-tp6-num1)-tp6-num1)
12,12,1448,(w1-gp(w11-gp(w2-gp(w14-gp(w3-gp(w15-gp(w2-gp(w14-gp(w3-gp(w14-gp(w1-gp55-tp3-num1)-tp9-num1)-tp0-num1)-tp3-num1)-tp3-num1)-tp15-num1)-tp6-num2)-tp6-num1)-tp658-num1)-tp6-num1)-tp6-num1)
13,13,516,(w5-gp(w10-gp(w6-gp(w14-gp(w6-gp(w10-gp(w3-gp(w14-gp(w1-gp55-tp3-num1)-tp9-num1)-tp68-num1)-tp3-num1)-tp64-num1)-tp3-num1)-tp6-num2)-tp6-num2)-tp24-num1)
14,14,1693,(w14-gp(w8-gp(w12-gp(w1-gp(w1-gp(w1-gp(w1-gp(w1-gp(w1-gp(w1-gp(w1-gp55-tp13-num1)-tp3-num1)-tp3-num1)-tp3-num1)-tp3-num1)-tp3-num1)-tp9-num1)-tp6-num1)-tp6-num2)-tp6-num1)-tp12-num1)
15,15,156,(w11-gp(w15-gp(w14-gp(w7-gp(w6-gp(w10-gp(w3-gp(w14-gp(w1-gp55-tp3-num1)-tp9-num1)-tp68-num1)-tp3-num1)-tp3-num1)-tp9-num2)-tp9-num1)-tp6-num1)-tp6-num1)
16,16,138,(w11-gp(w10-gp(w6-gp(w10-gp(w1-gp(w12-gp(w1-gp(w1-gp(w1-gp55-tp13-num1)-tp3-num1)-tp9-num1)-tp25-num1)-tp3-num1)-tp3-num1)-tp6-num2)-tp6-num2)-tp24-num1)
17,17,1445,(w1-gp(w1-gp(w1-gp(w3-gp(w4-gp(w11-gp(w10-gp(w3-gp(w3-gp(w14-gp(w1-gp55-tp3-num1)-tp9-num1)-tp36-num1)-tp3-num1)-tp3-num1)-tp3-num1)-tp6-num2)-tp6-num1)-tp5230-num1)-tp6-num2)-tp6-num1)
18,18,1713,(w15-gp(w13-gp(w2-gp(w14-gp(w3-gp(w15-gp(w2-gp(w14-gp(w3-gp(w14-gp(w1-gp55-tp3-num1)-tp9-num1)-tp0-num1)-tp3-num1)-tp3-num1)-tp15-num1)-tp6-num2)-tp6-num1)-tp6-num2)-tp1346-num1)-tp6-num1)
19,19,1360,(w8-gp(w11-gp(w9-gp(w11-gp(w12-gp(w1-gp(w1-gp(w1-gp(w1-gp(w1-gp55-tp13-num1)-tp3-num1)-tp3-num1)-tp3-num1)-tp9-num1)-tp9-num2)-tp9-num1)-tp6-num2)-tp6-num2)-tp6-num1)
20,20,1664,(w13-gp(w9-gp(w11-gp(w9-gp(w11-gp(w12-gp(w1-gp(w1-gp(w1-gp(w1-gp(w1-gp55-tp13-num1)-tp3-num1)-tp3-num1)-tp3-num1)-tp9-num1)-tp9-num2)-tp9-num1)-tp6-num2)-tp6-num3)-tp6-num2)-tp12-num1)
21,21,1678,(w14-gp(w15-gp(w3-gp(w8-gp(w5-gp(w15-gp(w12-gp(w7-gp(w3-gp(w14-gp(w1-gp55-tp3-num1)-tp9-num1)-tp12-num1)-tp3-num1)-tp3-num1)-tp3-num1)-tp6-num2)-tp6-num1)-tp6-num1)-tp9-num1)-tp17-num1)
22,22,860,(w10-gp(w6-gp(w12-gp(w7-gp(w13-gp(w12-gp(w7-gp(w12-gp(w12-gp(w1-gp55-tp200-num1)-tp3-num1)-tp3-num1)-tp3-num1)-tp9-num1)-tp12-num1)-tp6-num1)-tp6-num1)-tp6-num1)-tp6-num1)
23,23,1585,(w11-gp(w8-gp(w5-gp(w5-gp(w15-gp(w13-gp(w12-gp(w7-gp(w12-gp(w12-gp(w1-gp55-tp200-num1)-tp3-num1)-tp3-num1)-tp3-num1)-tp9-num1)-tp0-num1)-tp9-num1)-tp6-num2)-tp6-num1)-tp658-num1)-tp6-num1)
24,24,1667,(w14-gp(w1-gp(w9-gp(w10-gp(w6-gp(w11-gp(w12-gp(w7-gp(w12-gp(w12-gp(w1-gp55-tp200-num1)-tp3-num1)-tp6-num1)-tp6-num1)-tp3-num1)-tp3-num1)-tp9-num1)-tp6-num1)-tp6-num1)-tp9-num1)-tp36-num1)
25,25,1273,(w5-gp(w6-gp(w8-gp(w5-gp(w11-gp(w12-gp(w7-gp(w3-gp(w14-gp(w1-gp55-tp3-num1)-tp9-num1)-tp12-num1)-tp15-num1)-tp3-num1)-tp9-num2)-tp9-num1)-tp6-num1)-tp6-num2)-tp17-num1)
26,26,1586,(w11-gp(w9-gp(w1-gp(w3-gp(w4-gp(w11-gp(w10-gp(w3-gp(w3-gp(w14-gp(w1-gp55-tp3-num1)-tp9-num1)-tp36-num1)-tp3-num1)-tp3-num1)-tp3-num1)-tp6-num2)-tp6-num1)-tp6-num1)-tp9-num1)-tp17-num1)
27,27,31,(w1-gp(w12-gp(w12-gp(w3-gp(w9-gp(w4-gp(w3-gp(w14-gp(w1-gp55-tp3-num1)-tp9-num1)-tp1085-num1)-tp3-num1)-tp3-num1)-tp3-num1)-tp6-num1)-tp6-num1)-tp6-num1)
28,28,21,(w1-gp(w11-gp(w14-gp(w7-gp(w6-gp(w10-gp(w3-gp(w14-gp(w1-gp55-tp3-num1)-tp9-num1)-tp68-num1)-tp3-num1)-tp3-num1)-tp9-num2)-tp6-num1)-tp6-num2)-tp2780-num1)
29,29,1407,(w9-gp(w1-gp(w5-gp(w11-gp(w13-gp(w12-gp(w7-gp(w12-gp(w12-gp(w1-gp55-tp200-num1)-tp3-num1)-tp3-num1)-tp3-num1)-tp9-num1)-tp6-num2)-tp6-num1)-tp6-num1)-tp6-num1)-tp6-num1)
30,30,42,(w1-gp(w3-gp(w4-gp(w11-gp(w10-gp(w3-gp(w3-gp(w14-gp(w1-gp55-tp3-num1)-tp9-num1)-tp36-num1)-tp3-num1)-tp3-num1)-tp3-num1)-tp6-num2)-tp6-num1)-tp4971-num1)
31,31,1092,(w15-gp(w3-gp(w8-gp(w5-gp(w15-gp(w12-gp(w7-gp(w3-gp(w14-gp(w1-gp55-tp3-num1)-tp9-num1)-tp12-num1)-tp3-num1)-tp3-num1)-tp3-num1)-tp6-num2)-tp6-num1)-tp6-num1)-tp6-num1)
32,32,1451,(w1-gp(w12-gp(w15-gp(w14-gp(w7-gp(w13-gp(w12-gp(w7-gp(w12-gp(w12-gp(w1-gp55-tp200-num1)-tp3-num1)-tp3-num1)-tp3-num1)-tp9-num1)-tp12-num1)-tp9-num1)-tp6-num2)-tp6-num1)-tp6-num2)-tp3388-num1)
33,33,1490,(w1-gp(w8-gp(w5-gp(w3-gp(w12-gp(w13-gp(w12-gp(w7-gp(w12-gp(w12-gp(w1-gp55-tp200-num1)-tp3-num1)-tp3-num1)-tp3-num1)-tp9-num1)-tp9-num2)-tp9-num1)-tp6-num1)-tp6-num1)-tp9-num1)-tp0-num1)
34,34,1681,(w14-gp(w15-gp(w3-gp(w8-gp(w5-gp(w15-gp(w12-gp(w7-gp(w3-gp(w14-gp(w1-gp55-tp3-num1)-tp9-num1)-tp12-num1)-tp3-num1)-tp3-num1)-tp3-num1)-tp6-num2)-tp6-num1)-tp6-num1)-tp9-num1)-tp658-num1)
35,35,486,(w4-gp(w10-gp(w8-gp(w11-gp(w10-gp(w3-gp(w3-gp(w14-gp(w1-gp55-tp3-num1)-tp9-num1)-tp36-num1)-tp3-num1)-tp3-num1)-tp9-num2)-tp6-num1)-tp6-num1)-tp6-num1)
36,36,761,(w9-gp(w13-gp(w11-gp(w11-gp(w10-gp(w3-gp(w3-gp(w14-gp(w1-gp55-tp3-num1)-tp9-num1)-tp36-num1)-tp3-num1)-tp3-num1)-tp13-num1)-tp6-num2)-tp6-num3)-tp6-num1)
37,37,200,(w12-gp(w11-gp(w8-gp(w14-gp(w2-gp(w3-gp(w3-gp(w14-gp(w1-gp55-tp3-num1)-tp9-num1)-tp19-num1)-tp3-num1)-tp3-num1)-tp9-num1)-tp6-num1)-tp6-num2)-tp6-num1)
38,38,701,(w8-gp(w11-gp(w13-gp(w5-gp(w9-gp(w15-gp(w3-gp(w14-gp(w1-gp55-tp3-num1)-tp9-num1)-tp458-num1)-tp3-num1)-tp3-num1)-tp9-num1)-tp6-num1)-tp6-num2)-tp6-num2)
39,39,1750,(w2-gp(w13-gp(w2-gp(w14-gp(w3-gp(w15-gp(w2-gp(w14-gp(w3-gp(w14-gp(w1-gp55-tp3-num1)-tp9-num1)-tp0-num1)-tp3-num1)-tp3-num1)-tp15-num1)-tp6-num2)-tp6-num1)-tp6-num2)-tp6-num2)-tp690-num1)
40,40,15,(w1-gp(w11-gp(w14-gp(w7-gp(w6-gp(w10-gp(w3-gp(w14-gp(w1-gp55-tp3-num1)-tp9-num1)-tp68-num1)-tp3-num1)-tp3-num1)-tp9-num2)-tp6-num1)-tp6-num2)-tp105-num1)
41,41,1668,(w14-gp(w1-gp(w9-gp(w10-gp(w6-gp(w11-gp(w12-gp(w7-gp(w12-gp(w12-gp(w1-gp55-tp200-num1)-tp3-num1)-tp6-num1)-tp6-num1)-tp3-num1)-tp3-num1)-tp9-num1)-tp6-num1)-tp6-num1)-tp9-num1)-tp68-num1)
42,42,88,(w10-gp(w10-gp(w5-gp(w1-gp(w1-gp(w1-gp(w1-gp(w1-gp(w1-gp55-tp13-num1)-tp3-num1)-tp3-num1)-tp3-num1)-tp6-num1)-tp9-num2)-tp6-num1)-tp6-num1)-tp24-num1)
43,43,415,(w2-gp(w14-gp(w3-gp(w15-gp(w2-gp(w14-gp(w3-gp(w14-gp(w1-gp55-tp3-num1)-tp9-num1)-tp0-num1)-tp3-num1)-tp3-num1)-tp15-num1)-tp6-num2)-tp6-num1)-tp6-num2)
44,44,1992,(w9-gp(w8-gp(w4-gp(w10-gp(w5-gp(w3-gp(w12-gp(w7-gp(w12-gp(w12-gp(w1-gp55-tp200-num1)-tp3-num1)-tp3-num1)-tp3-num1)-tp3-num1)-tp3-num1)-tp9-num1)-tp6-num1)-tp6-num2)-tp6-num1)-tp68-num1)
45,45,1277,(w5-gp(w7-gp(w10-gp(w3-gp(w15-gp(w2-gp(w14-gp(w3-gp(w14-gp(w1-gp55-tp3-num1)-tp9-num1)-tp0-num1)-tp3-num1)-tp3-num1)-tp9-num2)-tp6-num1)-tp6-num2)-tp6-num1)-tp9-num1)
46,46,1197,(w4-gp(w11-gp(w14-gp(w2-gp(w14-gp(w12-gp(w7-gp(w3-gp(w14-gp(w1-gp55-tp3-num1)-tp9-num1)-tp12-num1)-tp3-num1)-tp6-num1)-tp3-num1)-tp9-num1)-tp6-num1)-tp24-num1)-tp6-num1)
47,47,1172,(w3-gp(w5-gp(w2-gp(w4-gp(w7-gp(w6-gp(w10-gp(w3-gp(w14-gp(w1-gp55-tp3-num1)-tp9-num1)-tp68-num1)-tp3-num1)-tp3-num1)-tp3-num1)-tp6-num2)-tp6-num1)-tp6-num2)-tp690-num1)
48,48,1695,(w14-gp(w8-gp(w12-gp(w1-gp(w1-gp(w1-gp(w1-gp(w1-gp(w1-gp(w1-gp(w1-gp55-tp13-num1)-tp3-num1)-tp3-num1)-tp3-num1)-tp3-num1)-tp3-num1)-tp9-num1)-tp6-num1)-tp6-num2)-tp6-num1)-tp36-num1)
49,49,498,(w4-gp(w3-gp(w12-gp(w1-gp(w10-gp(w3-gp(w3-gp(w14-gp(w1-gp55-tp3-num1)-tp9-num1)-tp36-num1)-tp200-num1)-tp3-num1)-tp3-num1)-tp6-num1)-tp6-num3)-tp6-num1)
50,50,441,(w2-gp(w5-gp(w11-gp(w13-gp(w12-gp(w7-gp(w12-gp(w12-gp(w1-gp55-tp200-num1)-tp3-num1)-tp3-num1)-tp3-num1)-tp9-num1)-tp6-num2)-tp6-num1)-tp24-num1)-tp6-num1)
51,51,833,(w10-gp(w1-gp(w3-gp(w12-gp(w13-gp(w12-gp(w7-gp(w12-gp(w12-gp(w1-gp55-tp200-num1)-tp3-num1)-tp3-num1)-tp3-num1)-tp9-num1)-tp9-num2)-tp9-num1)-tp6-num2)-tp6-num3)-tp6-num1)
52,52,974,(w13-gp(w12-gp(w2-gp(w3-gp(w11-gp(w12-gp(w7-gp(w3-gp(w14-gp(w1-gp55-tp3-num1)-tp9-num1)-tp12-num1)-tp15-num1)-tp3-num1)-tp3-num1)-tp9-num1)-tp6-num1)-tp3388-num1)-tp6-num1)
53,53,1429,(w9-gp(w13-gp(w10-gp(w5-gp(w13-gp(w12-gp(w7-gp(w12-gp(w12-gp(w1-gp55-tp200-num1)-tp3-num1)-tp3-num1)-tp3-num1)-tp9-num1)-tp1085-num1)-tp6-num2)-tp6-num1)-tp6-num1)-tp6-num1)
54,54,1538,(w10-gp(w6-gp(w10-gp(w12-gp(w14-gp(w7-gp(w6-gp(w10-gp(w3-gp(w14-gp(w1-gp55-tp3-num1)-tp9-num1)-tp68-num1)-tp3-num1)-tp3-num1)-tp9-num2)-tp6-num2)-tp6-num1)-tp6-num1)-tp9-num1)-tp690-num1)
55,55,997,(w13-gp(w5-gp(w9-gp(w1-gp(w12-gp(w1-gp(w1-gp(w1-gp(w1-gp(w1-gp55-tp13-num1)-tp3-num1)-tp3-num1)-tp3-num1)-tp9-num1)-tp19-num1)-tp6-num1)-tp6-num1)-tp6-num2)-tp24-num1)
56,56,1450,(w1-gp(w12-gp(w15-gp(w14-gp(w7-gp(w13-gp(w12-gp(w7-gp(w12-gp(w12-gp(w1-gp55-tp200-num1)-tp3-num1)-tp3-num1)-tp3-num1)-tp9-num1)-tp12-num1)-tp9-num1)-tp6-num2)-tp6-num1)-tp6-num2)-tp220-num1)
57,57,1009,(w14-gp(w1-gp(w4-gp(w15-gp(w15-gp(w12-gp(w7-gp(w3-gp(w14-gp(w1-gp55-tp3-num1)-tp9-num1)-tp12-num1)-tp3-num1)-tp3-num1)-tp6-num2)-tp9-num1)-tp24-num1)-tp6-num1)-tp1346-num1)
58,58,1366,(w8-gp(w12-gp(w2-gp(w3-gp(w11-gp(w12-gp(w7-gp(w3-gp(w14-gp(w1-gp55-tp3-num1)-tp9-num1)-tp12-num1)-tp15-num1)-tp3-num1)-tp3-num1)-tp9-num1)-tp6-num1)-tp6-num2)-tp1346-num1)
59,59,1333,(w7-gp(w13-gp(w4-gp(w3-gp(w11-gp(w10-gp(w10-gp(w3-gp(w14-gp(w1-gp55-tp3-num1)-tp9-num1)-tp68-num1)-tp13-num1)-tp3-num1)-tp3-num1)-tp6-num2)-tp6-num1)-tp6-num1)-tp6-num1)
60,60,1537,(w10-gp(w6-gp(w10-gp(w12-gp(w14-gp(w7-gp(w6-gp(w10-gp(w3-gp(w14-gp(w1-gp55-tp3-num1)-tp9-num1)-tp68-num1)-tp3-num1)-tp3-num1)-tp9-num2)-tp6-num2)-tp6-num1)-tp6-num1)-tp9-num1)-tp6889-num1)
61,61,1449,(w1-gp(w12-gp(w15-gp(w14-gp(w7-gp(w13-gp(w12-gp(w7-gp(w12-gp(w12-gp(w1-gp55-tp200-num1)-tp3-num1)-tp3-num1)-tp3-num1)-tp9-num1)-tp12-num1)-tp9-num1)-tp6-num2)-tp6-num1)-tp6-num2)-tp17-num1)
62,62,1683,(w14-gp(w15-gp(w9-gp(w6-gp(w4-gp(w13-gp(w12-gp(w7-gp(w12-gp(w12-gp(w1-gp55-tp200-num1)-tp3-num1)-tp3-num1)-tp3-num1)-tp9-num1)-tp3-num1)-tp9-num1)-tp6-num1)-tp6-num2)-tp6-num1)-tp12-num1)
63,63,1399,(w8-gp(w9-gp(w10-gp(w8-gp(w11-gp(w10-gp(w3-gp(w3-gp(w14-gp(w1-gp55-tp3-num1)-tp9-num1)-tp36-num1)-tp3-num1)-tp3-num1)-tp9-num2)-tp6-num1)-tp6-num2)-tp6-num1)-tp4838-num1)
64,64,1437,(w9-gp(w4-gp(w12-gp(w6-gp(w15-gp(w1-gp(w9-gp(w14-gp(w14-gp(w1-gp55-tp3-num1)-tp3-num1)-tp64-num1)-tp3-num1)-tp9-num1)-tp12-num1)-tp6-num1)-tp6-num1)-tp6-num1)-tp6-num1)
65,65,670,(w7-gp(w10-gp(w8-gp(w14-gp(w2-gp(w3-gp(w3-gp(w14-gp(w1-gp55-tp3-num1)-tp9-num1)-tp19-num1)-tp3-num1)-tp3-num1)-tp9-num1)-tp6-num2)-tp6-num1)-tp6-num2)
66,66,1130,(w2-gp(w2-gp(w13-gp(w6-gp(w15-gp(w12-gp(w7-gp(w3-gp(w14-gp(w1-gp55-tp3-num1)-tp9-num1)-tp12-num1)-tp3-num1)-tp3-num1)-tp9-num2)-tp6-num3)-tp6-num1)-tp6-num2)-tp6-num1)
67,67,979,(w13-gp(w14-gp(w15-gp(w2-gp(w12-gp(w1-gp(w1-gp(w1-gp(w1-gp(w1-gp55-tp13-num1)-tp3-num1)-tp3-num1)-tp3-num1)-tp9-num1)-tp0-num1)-tp6-num2)-tp6-num1)-tp6-num1)-tp6-num1)
68,68,1300,(w6-gp(w6-gp(w10-gp(w3-gp(w15-gp(w2-gp(w14-gp(w3-gp(w14-gp(w1-gp55-tp3-num1)-tp9-num1)-tp0-num1)-tp3-num1)-tp3-num1)-tp9-num2)-tp6-num2)-tp6-num1)-tp1353-num1)-tp6-num1)
69,69,1807,(w3-gp(w4-gp(w14-gp(w14-gp(w6-gp(w15-gp(w1-gp(w9-gp(w14-gp(w14-gp(w1-gp55-tp3-num1)-tp3-num1)-tp64-num1)-tp3-num1)-tp9-num1)-tp12-num1)-tp9-num1)-tp6-num2)-tp6-num1)-tp6-num1)-tp17-num1)
70,70,1532,(w10-gp(w6-gp(w10-gp(w12-gp(w14-gp(w7-gp(w6-gp(w10-gp(w3-gp(w14-gp(w1-gp55-tp3-num1)-tp9-num1)-tp68-num1)-tp3-num1)-tp3-num1)-tp9-num2)-tp6-num2)-tp6-num1)-tp6-num1)-tp9-num1)-tp17-num1)
71,71,1747,(w2-gp(w13-gp(w2-gp(w14-gp(w3-gp(w15-gp(w2-gp(w14-gp(w3-gp(w14-gp(w1-gp55-tp3-num1)-tp9-num1)-tp0-num1)-tp3-num1)-tp3-num1)-tp15-num1)-tp6-num2)-tp6-num1)-tp6-num2)-tp6-num2)-tp2965-num1)
72,72,1531,(w10-gp(w6-gp(w10-gp(w12-gp(w14-gp(w7-gp(w6-gp(w10-gp(w3-gp(w14-gp(w1-gp55-tp3-num1)-tp9-num1)-tp68-num1)-tp3-num1)-tp3-num1)-tp9-num2)-tp6-num2)-tp6-num1)-tp6-num1)-tp9-num1)-tp1346-num1)
73,73,93,(w10-gp(w11-gp(w13-gp(w5-gp(w12-gp(w7-gp(w12-gp(w12-gp(w1-gp55-tp200-num1)-tp3-num1)-tp3-num1)-tp3-num1)-tp6-num1)-tp24-num1)-tp9-num1)-tp6-num1)-tp6-num1)
74,74,1583,(w11-gp(w8-gp(w14-gp(w14-gp(w15-gp(w14-gp(w2-gp(w3-gp(w3-gp(w14-gp(w1-gp55-tp3-num1)-tp9-num1)-tp19-num1)-tp3-num1)-tp3-num1)-tp15-num1)-tp6-num2)-tp6-num1)-tp6-num1)-tp9-num1)-tp1353-num1)
75,75,1299,(w6-gp(w5-gp(w2-gp(w12-gp(w1-gp(w1-gp(w1-gp(w1-gp(w1-gp(w1-gp55-tp13-num1)-tp3-num1)-tp3-num1)-tp3-num1)-tp3-num1)-tp9-num1)-tp9-num1)-tp6-num1)-tp6-num2)-tp6-num1)
76,76,578,(w5-gp(w5-gp(w5-gp(w11-gp(w12-gp(w7-gp(w3-gp(w14-gp(w1-gp55-tp3-num1)-tp9-num1)-tp12-num1)-tp15-num1)-tp3-num1)-tp9-num2)-tp6-num1)-tp6-num1)-tp6-num1)
77,77,1810,(w3-gp(w6-gp(w12-gp(w2-gp(w3-gp(w11-gp(w12-gp(w7-gp(w3-gp(w14-gp(w1-gp55-tp3-num1)-tp9-num1)-tp12-num1)-tp15-num1)-tp3-num1)-tp3-num1)-tp9-num1)-tp6-num1)-tp6-num1)-tp9-num1)-tp6-num1)
78,78,1052,(w14-gp(w2-gp(w13-gp(w6-gp(w15-gp(w12-gp(w7-gp(w3-gp(w14-gp(w1-gp55-tp3-num1)-tp9-num1)-tp12-num1)-tp3-num1)-tp3-num1)-tp9-num2)-tp6-num3)-tp6-num1)-tp6-num1)-tp9-num1)
79,79,816,(w1-gp(w4-gp(w9-gp(w11-gp(w12-gp(w1-gp(w1-gp(w1-gp(w1-gp(w1-gp55-tp13-num1)-tp3-num1)-tp3-num1)-tp3-num1)-tp9-num1)-tp9-num1)-tp6-num2)-tp6-num1)-tp6-num2)-tp6-num2)
80,80,1278,(w5-gp(w7-gp(w14-gp(w2-gp(w13-gp(w12-gp(w7-gp(w12-gp(w12-gp(w1-gp55-tp200-num1)-tp3-num1)-tp3-num1)-tp3-num1)-tp9-num1)-tp25-num1)-tp6-num1)-tp6-num1)-tp24-num1)-tp6-num1)
81,81,1879,(w5-gp(w5-gp(w1-gp(w1-gp(w11-gp(w10-gp(w10-gp(w3-gp(w3-gp(w14-gp(w1-gp55-tp3-num1)-tp9-num1)-tp36-num1)-tp3-num1)-tp15-num1)-tp3-num1)-tp6-num1)-tp6-num1)-tp6-num1)-tp9-num1)-tp6-num2)
82,82,1484,(w1-gp(w6-gp(w4-gp(w10-gp(w5-gp(w3-gp(w12-gp(w7-gp(w12-gp(w12-gp(w1-gp55-tp200-num1)-tp3-num1)-tp3-num1)-tp3-num1)-tp3-num1)-tp3-num1)-tp9-num1)-tp6-num1)-tp6-num1)-tp9-num1)-tp12-num1)
83,83,864,(w10-gp(w6-gp(w8-gp(w5-gp(w11-gp(w12-gp(w7-gp(w3-gp(w14-gp(w1-gp55-tp3-num1)-tp9-num1)-tp12-num1)-tp15-num1)-tp3-num1)-tp9-num2)-tp9-num1)-tp6-num1)-tp220-num1)-tp6-num1)
84,84,998,(w13-gp(w6-gp(w8-gp(w5-gp(w11-gp(w12-gp(w7-gp(w3-gp(w14-gp(w1-gp55-tp3-num1)-tp9-num1)-tp12-num1)-tp15-num1)-tp3-num1)-tp9-num2)-tp9-num1)-tp6-num1)-tp3388-num1)-tp6-num1)
85,85,905,(w11-gp(w5-gp(w3-gp(w12-gp(w13-gp(w12-gp(w7-gp(w12-gp(w12-gp(w1-gp55-tp200-num1)-tp3-num1)-tp3-num1)-tp3-num1)-tp9-num1)-tp9-num2)-tp9-num1)-tp6-num1)-tp6-num2)-tp6-num1)
86,86,853,(w10-gp(w5-gp(w2-gp(w4-gp(w7-gp(w6-gp(w10-gp(w3-gp(w14-gp(w1-gp55-tp3-num1)-tp9-num1)-tp68-num1)-tp3-num1)-tp3-num1)-tp3-num1)-tp6-num2)-tp6-num1)-tp658-num1)-tp6-num1)
87,87,760,(w9-gp(w11-gp(w1-gp(w13-gp(w12-gp(w1-gp(w1-gp(w1-gp(w1-gp55-tp13-num1)-tp3-num1)-tp3-num1)-tp9-num1)-tp9-num2)-tp12-num1)-tp9-num1)-tp6-num1)-tp6-num1)
88,88,1112,(w15-gp(w9-gp(w8-gp(w6-gp(w15-gp(w12-gp(w7-gp(w3-gp(w14-gp(w1-gp55-tp3-num1)-tp9-num1)-tp12-num1)-tp3-num1)-tp3-num1)-tp9-num2)-tp9-num1)-tp6-num1)-tp6-num2)-tp6-num1)
89,89,823,(w1-gp(w8-gp(w15-gp(w6-gp(w15-gp(w12-gp(w7-gp(w3-gp(w14-gp(w1-gp55-tp3-num1)-tp9-num1)-tp12-num1)-tp3-num1)-tp3-num1)-tp9-num2)-tp6-num1)-tp6-num1)-tp198-num1)-tp6-num1)
90,90,1990,(w9-gp(w8-gp(w4-gp(w10-gp(w5-gp(w3-gp(w12-gp(w7-gp(w12-gp(w12-gp(w1-gp55-tp200-num1)-tp3-num1)-tp3-num1)-tp3-num1)-tp3-num1)-tp3-num1)-tp9-num1)-tp6-num1)-tp6-num2)-tp6-num1)-tp36-num1)
91,91,1343,(w7-gp(w4-gp(w3-gp(w4-gp(w13-gp(w12-gp(w1-gp(w1-gp(w1-gp(w1-gp55-tp13-num1)-tp3-num1)-tp3-num1)-tp9-num1)-tp9-num2)-tp68-num1)-tp9-num1)-tp6-num1)-tp6-num1)-tp6-num1)
92,92,28,(w1-gp(w11-gp(w14-gp(w7-gp(w6-gp(w10-gp(w3-gp(w14-gp(w1-gp55-tp3-num1)-tp9-num1)-tp68-num1)-tp3-num1)-tp3-num1)-tp9-num2)-tp6-num1)-tp6-num2)-tp9463-num1)
93,93,1561,(w11-gp(w15-gp(w13-gp(w11-gp(w13-gp(w5-gp(w9-gp(w15-gp(w3-gp(w14-gp(w1-gp55-tp3-num1)-tp9-num1)-tp458-num1)-tp3-num1)-tp3-num1)-tp9-num1)-tp6-num3)-tp6-num1)-tp6-num1)-tp9-num1)-tp1346-num1)
94,94,1369,(w8-gp(w12-gp(w6-gp(w4-gp(w15-gp(w2-gp(w14-gp(w3-gp(w14-gp(w1-gp55-tp3-num1)-tp9-num1)-tp0-num1)-tp3-num1)-tp3-num1)-tp3-num1)-tp6-num2)-tp6-num1)-tp6-num2)-tp6-num1)
95,95,1734,(w15-gp(w8-gp(w9-gp(w10-gp(w8-gp(w11-gp(w10-gp(w3-gp(w3-gp(w14-gp(w1-gp55-tp3-num1)-tp9-num1)-tp36-num1)-tp3-num1)-tp3-num1)-tp9-num2)-tp6-num1)-tp6-num2)-tp6-num1)-tp9-num1)-tp6-num2)
96,96,1646,(w13-gp(w2-gp(w2-gp(w13-gp(w6-gp(w15-gp(w12-gp(w7-gp(w3-gp(w14-gp(w1-gp55-tp3-num1)-tp9-num1)-tp12-num1)-tp3-num1)-tp3-num1)-tp9-num2)-tp6-num3)-tp6-num1)-tp6-num2)-tp6-num1)-tp1346-num1)
97,97,1012,(w14-gp(w1-gp(w4-gp(w15-gp(w15-gp(w12-gp(w7-gp(w3-gp(w14-gp(w1-gp55-tp3-num1)-tp9-num1)-tp12-num1)-tp3-num1)-tp3-num1)-tp6-num2)-tp9-num1)-tp24-num1)-tp6-num1)-tp220-num1)
98,98,1336,(w7-gp(w15-gp(w13-gp(w9-gp(w1-gp(w3-gp(w15-gp(w3-gp(w14-gp(w1-gp55-tp3-num1)-tp9-num1)-tp458-num1)-tp200-num1)-tp3-num1)-tp3-num1)-tp6-num2)-tp6-num1)-tp6-num1)-tp6-num1)
99,99,1589,(w11-gp(w9-gp(w1-gp(w3-gp(w4-gp(w11-gp(w10-gp(w3-gp(w3-gp(w14-gp(w1-gp55-tp3-num1)-tp9-num1)-tp36-num1)-tp3-num1)-tp3-num1)-tp3-num1)-tp6-num2)-tp6-num1)-tp6-num1)-tp9-num1)-tp4971-num1)
100,100,1465,(w1-gp(w2-gp(w12-gp(w1-gp(w1-gp(w1-gp(w1-gp(w1-gp(w1-gp(w1-gp(w1-gp55-tp13-num1)-tp3-num1)-tp3-num1)-tp3-num1)-tp3-num1)-tp3-num1)-tp9-num1)-tp6-num1)-tp6-num1)-tp9-num1)-tp0-num1)
101,101,1010,(w14-gp(w1-gp(w4-gp(w15-gp(w15-gp(w12-gp(w7-gp(w3-gp(w14-gp(w1-gp55-tp3-num1)-tp9-num1)-tp12-num1)-tp3-num1)-tp3-num1)-tp6-num2)-tp9-num1)-tp24-num1)-tp6-num1)-tp1353-num1)
102,102,479,(w4-gp(w1-gp(w11-gp(w10-gp(w10-gp(w3-gp(w3-gp(w14-gp(w1-gp55-tp3-num1)-tp9-num1)-tp36-num1)-tp3-num1)-tp15-num1)-tp3-num1)-tp9-num1)-tp6-num1)-tp6-num1)
103,103,1547,(w11-gp(w10-gp(w4-gp(w12-gp(w5-gp(w12-gp(w1-gp(w1-gp(w1-gp(w1-gp(w1-gp55-tp13-num1)-tp3-num1)-tp3-num1)-tp3-num1)-tp9-num1)-tp458-num1)-tp6-num2)-tp6-num1)-tp6-num1)-tp6-num1)-tp9-num1)
104,104,340,(w15-gp(w1-gp(w6-gp(w12-gp(w1-gp(w1-gp(w1-gp(w1-gp(w1-gp55-tp13-num1)-tp3-num1)-tp3-num1)-tp3-num1)-tp9-num1)-tp12-num1)-tp6-num2)-tp6-num1)-tp6-num1)
105,105,1710,(w15-gp(w11-gp(w13-gp(w15-gp(w15-gp(w15-gp(w12-gp(w7-gp(w3-gp(w14-gp(w1-gp55-tp3-num1)-tp9-num1)-tp12-num1)-tp3-num1)-tp3-num1)-tp6-num2)-tp6-num1)-tp24-num1)-tp6-num1)-tp658-num1)-tp24-num1)
106,106,1396,(w8-gp(w8-gp(w2-gp(w8-gp(w14-gp(w2-gp(w3-gp(w3-gp(w14-gp(w1-gp55-tp3-num1)-tp9-num1)-tp19-num1)-tp3-num1)-tp3-num1)-tp3-num1)-tp6-num2)-tp6-num1)-tp6-num2)-tp1353-num1)
107,107,1186,(w3-gp(w9-gp(w10-gp(w8-gp(w11-gp(w10-gp(w3-gp(w3-gp(w14-gp(w1-gp55-tp3-num1)-tp9-num1)-tp36-num1)-tp3-num1)-tp3-num1)-tp9-num2)-tp6-num1)-tp6-num2)-tp5230-num1)-tp6-num1)
108,108,1424,(w9-gp(w12-gp(w11-gp(w7-gp(w11-gp(w4-gp(w10-gp(w3-gp(w14-gp(w1-gp55-tp3-num1)-tp9-num1)-tp68-num1)-tp200-num1)-tp3-num1)-tp3-num1)-tp6-num1)-tp6-num3)-tp6-num1)-tp24-num1)
109,109,314,(w14-gp(w14-gp(w6-gp(w15-gp(w1-gp(w9-gp(w14-gp(w14-gp(w1-gp55-tp3-num1)-tp3-num1)-tp64-num1)-tp3-num1)-tp9-num1)-tp12-num1)-tp9-num1)-tp6-num2)-tp6-num1)
110,110,1168,(w3-gp(w5-gp(w2-gp(w4-gp(w7-gp(w6-gp(w10-gp(w3-gp(w14-gp(w1-gp55-tp3-num1)-tp9-num1)-tp68-num1)-tp3-num1)-tp3-num1)-tp3-num1)-tp6-num2)-tp6-num1)-tp6-num2)-tp17-num1)
111,111,636,(w7-gp(w1-gp(w2-gp(w4-gp(w1-gp(w14-gp(w3-gp(w14-gp(w1-gp55-tp3-num1)-tp9-num1)-tp25-num1)-tp3-num1)-tp3-num1)-tp9-num1)-tp6-num1)-tp6-num2)-tp1353-num1)
112,112,1005,(w14-gp(w1-gp(w3-gp(w4-gp(w11-gp(w10-gp(w3-gp(w3-gp(w14-gp(w1-gp55-tp3-num1)-tp9-num1)-tp36-num1)-tp3-num1)-tp3-num1)-tp3-num1)-tp6-num2)-tp6-num1)-tp6-num2)-tp17-num1)
113,113,1592,(w11-gp(w9-gp(w1-gp(w3-gp(w4-gp(w11-gp(w10-gp(w3-gp(w3-gp(w14-gp(w1-gp55-tp3-num1)-tp9-num1)-tp36-num1)-tp3-num1)-tp3-num1)-tp3-num1)-tp6-num2)-tp6-num1)-tp6-num1)-tp9-num1)-tp658-num1)
114,114,895,(w11-gp(w3-gp(w10-gp(w15-gp(w13-gp(w12-gp(w7-gp(w12-gp(w12-gp(w1-gp55-tp200-num1)-tp3-num1)-tp3-num1)-tp3-num1)-tp9-num1)-tp0-num1)-tp6-num1)-tp6-num1)-tp24-num1)-tp6-num1)
115,115,1013,(w14-gp(w1-gp(w4-gp(w15-gp(w15-gp(w12-gp(w7-gp(w3-gp(w14-gp(w1-gp55-tp3-num1)-tp9-num1)-tp12-num1)-tp3-num1)-tp3-num1)-tp6-num2)-tp9-num1)-tp24-num1)-tp6-num1)-tp3388-num1)
116,116,863,(w10-gp(w6-gp(w8-gp(w5-gp(w11-gp(w12-gp(w7-gp(w3-gp(w14-gp(w1-gp55-tp3-num1)-tp9-num1)-tp12-num1)-tp15-num1)-tp3-num1)-tp9-num2)-tp9-num1)-tp6-num1)-tp1346-num1)-tp6-num1)
117,117,1219,(w4-gp(w14-gp(w3-gp(w8-gp(w9-gp(w1-gp(w9-gp(w14-gp(w14-gp(w1-gp55-tp3-num1)-tp3-num1)-tp64-num1)-tp3-num1)-tp3-num1)-tp3-num1)-tp9-num1)-tp6-num1)-tp6-num2)-tp6-num1)
118,118,1115,(w2-gp(w10-gp(w12-gp(w14-gp(w7-gp(w6-gp(w10-gp(w3-gp(w14-gp(w1-gp55-tp3-num1)-tp9-num1)-tp68-num1)-tp3-num1)-tp3-num1)-tp9-num2)-tp6-num2)-tp6-num1)-tp648-num1)-tp6-num1)
119,119,1460,(w1-gp(w14-gp(w12-gp(w12-gp(w15-gp(w7-gp(w11-gp(w4-gp(w12-gp(w12-gp(w1-gp55-tp200-num1)-tp3-num1)-tp9-num1)-tp9-num1)-tp3-num1)-tp9-num2)-tp9-num1)-tp6-num1)-tp6-num2)-tp6-num1)-tp12-num1)
120,120,1251,(w5-gp(w1-gp(w1-gp(w13-gp(w3-gp(w9-gp(w4-gp(w3-gp(w14-gp(w1-gp55-tp3-num1)-tp9-num1)-tp1085-num1)-tp3-num1)-tp3-num1)-tp15-num1)-tp6-num1)-tp6-num1)-tp6-num1)-tp9-num1)
121,121,154,(w11-gp(w14-gp(w2-gp(w14-gp(w12-gp(w7-gp(w3-gp(w14-gp(w1-gp55-tp3-num1)-tp9-num1)-tp12-num1)-tp3-num1)-tp6-num1)-tp3-num1)-tp9-num1)-tp6-num1)-tp6-num1)
122,122,1250,(w5-gp(w1-gp(w1-gp(w11-gp(w10-gp(w10-gp(w3-gp(w3-gp(w14-gp(w1-gp55-tp3-num1)-tp9-num1)-tp36-num1)-tp3-num1)-tp15-num1)-tp3-num1)-tp6-num1)-tp6-num1)-tp6-num1)-tp9-num1)
123,123,102,(w10-gp(w12-gp(w14-gp(w7-gp(w6-gp(w10-gp(w3-gp(w14-gp(w1-gp55-tp3-num1)-tp9-num1)-tp68-num1)-tp3-num1)-tp3-num1)-tp9-num2)-tp6-num2)-tp6-num1)-tp3347-num1)
124,124,538,(w5-gp(w15-gp(w5-gp(w15-gp(w12-gp(w7-gp(w3-gp(w14-gp(w1-gp55-tp3-num1)-tp9-num1)-tp12-num1)-tp3-num1)-tp3-num1)-tp3-num1)-tp6-num1)-tp6-num1)-tp1346-num1)
125,125,23,(w1-gp(w11-gp(w14-gp(w7-gp(w6-gp(w10-gp(w3-gp(w14-gp(w1-gp55-tp3-num1)-tp9-num1)-tp68-num1)-tp3-num1)-tp3-num1)-tp9-num2)-tp6-num1)-tp6-num2)-tp6-num1)
126,126,1986,(w9-gp(w8-gp(w4-gp(w10-gp(w5-gp(w3-gp(w12-gp(w7-gp(w12-gp(w12-gp(w1-gp55-tp200-num1)-tp3-num1)-tp3-num1)-tp3-num1)-tp3-num1)-tp3-num1)-tp9-num1)-tp6-num1)-tp6-num2)-tp6-num1)-tp0-num1)
127,127,202,(w12-gp(w12-gp(w15-gp(w7-gp(w11-gp(w4-gp(w12-gp(w12-gp(w1-gp55-tp200-num1)-tp3-num1)-tp9-num1)-tp9-num1)-tp3-num1)-tp9-num2)-tp9-num1)-tp6-num1)-tp6-num1)
128,128,281,(w13-gp(w11-gp(w15-gp(w13-gp(w12-gp(w7-gp(w12-gp(w12-gp(w1-gp55-tp200-num1)-tp3-num1)-tp3-num1)-tp3-num1)-tp9-num1)-tp0-num1)-tp6-num2)-tp6-num4)-tp6-num1)
129,129,1574,(w11-gp(w4-gp(w14-gp(w3-gp(w8-gp(w9-gp(w1-gp(w9-gp(w14-gp(w14-gp(w1-gp55-tp3-num1)-tp3-num1)-tp64-num1)-tp3-num1)-tp3-num1)-tp3-num1)-tp9-num1)-tp6-num1)-tp6-num2)-tp6-num1)-tp12-num1)
130,130,175,(w11-gp(w9-gp(w11-gp(w12-gp(w1-gp(w1-gp(w1-gp(w1-gp(w1-gp55-tp13-num1)-tp3-num1)-tp3-num1)-tp3-num1)-tp9-num1)-tp9-num2)-tp9-num1)-tp6-num2)-tp6-num2)
131,131,888,(w11-gp(w15-gp(w13-gp(w8-gp(w3-gp(w14-gp(w14-gp(w3-gp(w14-gp(w1-gp55-tp3-num1)-tp9-num1)-tp0-num1)-tp15-num1)-tp3-num1)-tp9-num2)-tp9-num1)-tp6-num1)-tp6-num2)-tp6-num1)
132,132,1349,(w7-gp(w7-gp(w10-gp(w5-gp(w13-gp(w12-gp(w7-gp(w12-gp(w12-gp(w1-gp55-tp200-num1)-tp3-num1)-tp3-num1)-tp3-num1)-tp9-num1)-tp1085-num1)-tp6-num2)-tp6-num3)-tp6-num1)-tp24-num1)
133,133,309,(w14-gp(w14-gp(w15-gp(w14-gp(w2-gp(w3-gp(w3-gp(w14-gp(w1-gp55-tp3-num1)-tp9-num1)-tp19-num1)-tp3-num1)-tp3-num1)-tp15-num1)-tp6-num2)-tp6-num1)-tp198-num1)
134,134,1625,(w12-gp(w4-gp(w1-gp(w3-gp(w12-gp(w13-gp(w12-gp(w7-gp(w12-gp(w12-gp(w1-gp55-tp200-num1)-tp3-num1)-tp3-num1)-tp3-num1)-tp9-num1)-tp9-num2)-tp9-num1)-tp6-num2)-tp6-num2)-tp6-num1)-tp12-num1)
135,135,533,(w5-gp(w13-gp(w8-gp(w14-gp(w1-gp(w9-gp(w14-gp(w14-gp(w1-gp55-tp3-num1)-tp3-num1)-tp64-num1)-tp3-num1)-tp6-num1)-tp6-num2)-tp9-num1)-tp6-num1)-tp24-num1)
136,136,812,(w1-gp(w4-gp(w12-gp(w5-gp(w12-gp(w1-gp(w1-gp(w1-gp(w1-gp(w1-gp55-tp13-num1)-tp3-num1)-tp3-num1)-tp3-num1)-tp9-num1)-tp458-num1)-tp6-num2)-tp6-num3)-tp6-num1)-tp24-num1)
137,137,1584,(w11-gp(w8-gp(w14-gp(w14-gp(w15-gp(w14-gp(w2-gp(w3-gp(w3-gp(w14-gp(w1-gp55-tp3-num1)-tp9-num1)-tp19-num1)-tp3-num1)-tp3-num1)-tp15-num1)-tp6-num2)-tp6-num1)-tp6-num1)-tp9-num1)-tp17-num1)
138,138,912,(w11-gp(w5-gp(w9-gp(w1-gp(w12-gp(w1-gp(w1-gp(w1-gp(w1-gp(w1-gp55-tp13-num1)-tp3-num1)-tp3-num1)-tp3-num1)-tp9-num1)-tp19-num1)-tp6-num1)-tp6-num1)-tp6-num1)-tp17-num1)
139,139,918,(w11-gp(w6-gp(w12-gp(w7-gp(w13-gp(w12-gp(w7-gp(w12-gp(w12-gp(w1-gp55-tp200-num1)-tp3-num1)-tp3-num1)-tp3-num1)-tp9-num1)-tp12-num1)-tp6-num1)-tp6-num1)-tp24-num1)-tp6-num1)
140,140,542,(w5-gp(w15-gp(w5-gp(w15-gp(w12-gp(w7-gp(w3-gp(w14-gp(w1-gp55-tp3-num1)-tp9-num1)-tp12-num1)-tp3-num1)-tp3-num1)-tp3-num1)-tp6-num1)-tp6-num1)-tp220-num1)
141,141,1989,(w9-gp(w8-gp(w4-gp(w10-gp(w5-gp(w3-gp(w12-gp(w7-gp(w12-gp(w12-gp(w1-gp55-tp200-num1)-tp3-num1)-tp3-num1)-tp3-num1)-tp3-num1)-tp3-num1)-tp9-num1)-tp6-num1)-tp6-num2)-tp6-num1)-tp19-num1)
142,142,882,(w11-gp(w13-gp(w15-gp(w15-gp(w15-gp(w12-gp(w7-gp(w3-gp(w14-gp(w1-gp55-tp3-num1)-tp9-num1)-tp12-num1)-tp3-num1)-tp3-num1)-tp6-num2)-tp6-num1)-tp24-num1)-tp6-num1)-tp6-num1)
143,143,91,(w10-gp(w11-gp(w11-gp(w13-gp(w12-gp(w7-gp(w12-gp(w12-gp(w1-gp55-tp200-num1)-tp3-num1)-tp3-num1)-tp3-num1)-tp9-num1)-tp19-num1)-tp6-num2)-tp6-num4)-tp6-num1)
144,144,539,(w5-gp(w15-gp(w5-gp(w15-gp(w12-gp(w7-gp(w3-gp(w14-gp(w1-gp55-tp3-num1)-tp9-num1)-tp12-num1)-tp3-num1)-tp3-num1)-tp3-num1)-tp6-num1)-tp6-num1)-tp1353-num1)
145,145,617,(w6-gp(w2-gp(w1-gp(w3-gp(w9-gp(w4-gp(w3-gp(w14-gp(w1-gp55-tp3-num1)-tp9-num1)-tp1085-num1)-tp3-num1)-tp3-num1)-tp6-num1)-tp6-num1)-tp6-num1)-tp6-num1)
146,146,966,(w13-gp(w10-gp(w11-gp(w13-gp(w5-gp(w12-gp(w7-gp(w12-gp(w12-gp(w1-gp55-tp200-num1)-tp3-num1)-tp3-num1)-tp3-num1)-tp6-num1)-tp24-num1)-tp9-num1)-tp6-num1)-tp6-num1)-tp2965-num1)
147,147,598,(w6-gp(w11-gp(w13-gp(w5-gp(w9-gp(w15-gp(w3-gp(w14-gp(w1-gp55-tp3-num1)-tp9-num1)-tp458-num1)-tp3-num1)-tp3-num1)-tp9-num1)-tp6-num1)-tp6-num1)-tp1346-num1)
148,148,999,(w13-gp(w7-gp(w15-gp(w3-gp(w15-gp(w2-gp(w14-gp(w3-gp(w14-gp(w1-gp55-tp3-num1)-tp9-num1)-tp0-num1)-tp3-num1)-tp3-num1)-tp15-num1)-tp9-num1)-tp6-num1)-tp658-num1)-tp6-num1)
149,149,1936,(w8-gp(w11-gp(w13-gp(w15-gp(w15-gp(w15-gp(w12-gp(w7-gp(w3-gp(w14-gp(w1-gp55-tp3-num1)-tp9-num1)-tp12-num1)-tp3-num1)-tp3-num1)-tp6-num2)-tp6-num1)-tp24-num1)-tp6-num1)-tp24-num1)-tp198-num1)
150,150,22,(w1-gp(w11-gp(w14-gp(w7-gp(w6-gp(w10-gp(w3-gp(w14-gp(w1-gp55-tp3-num1)-tp9-num1)-tp68-num1)-tp3-num1)-tp3-num1)-tp9-num2)-tp6-num1)-tp6-num2)-tp2965-num1)
151,151,1378,(w8-gp(w4-gp(w10-gp(w5-gp(w3-gp(w12-gp(w7-gp(w12-gp(w12-gp(w1-gp55-tp200-num1)-tp3-num1)-tp3-num1)-tp3-num1)-tp3-num1)-tp3-num1)-tp9-num1)-tp6-num1)-tp6-num2)-tp6-num1)
152,152,1135,(w2-gp(w4-gp(w12-gp(w6-gp(w15-gp(w1-gp(w9-gp(w14-gp(w14-gp(w1-gp55-tp3-num1)-tp3-num1)-tp64-num1)-tp3-num1)-tp9-num1)-tp12-num1)-tp6-num1)-tp6-num1)-tp24-num1)-tp6-num1)
153,153,907,(w11-gp(w5-gp(w5-gp(w5-gp(w11-gp(w12-gp(w7-gp(w3-gp(w14-gp(w1-gp55-tp3-num1)-tp9-num1)-tp12-num1)-tp15-num1)-tp3-num1)-tp9-num2)-tp6-num1)-tp6-num1)-tp6-num1)-tp198-num1)
154,154,1272,(w5-gp(w6-gp(w10-gp(w3-gp(w15-gp(w2-gp(w14-gp(w3-gp(w14-gp(w1-gp55-tp3-num1)-tp9-num1)-tp0-num1)-tp3-num1)-tp3-num1)-tp9-num2)-tp6-num2)-tp6-num1)-tp2355-num1)-tp6-num1)
155,155,1237,(w4-gp(w7-gp(w10-gp(w8-gp(w14-gp(w2-gp(w3-gp(w3-gp(w14-gp(w1-gp55-tp3-num1)-tp9-num1)-tp19-num1)-tp3-num1)-tp3-num1)-tp9-num1)-tp6-num2)-tp6-num1)-tp6-num2)-tp1353-num1)
156,156,865,(w10-gp(w7-gp(w10-gp(w8-gp(w14-gp(w2-gp(w3-gp(w3-gp(w14-gp(w1-gp55-tp3-num1)-tp9-num1)-tp19-num1)-tp3-num1)-tp3-num1)-tp9-num1)-tp6-num2)-tp6-num1)-tp220-num1)-tp6-num1)
157,157,1035,(w14-gp(w11-gp(w9-gp(w11-gp(w12-gp(w1-gp(w1-gp(w1-gp(w1-gp(w1-gp55-tp13-num1)-tp3-num1)-tp3-num1)-tp3-num1)-tp9-num1)-tp9-num2)-tp9-num1)-tp6-num1)-tp6-num1)-tp9-num1)
158,158,1285,(w6-gp(w11-gp(w1-gp(w5-gp(w15-gp(w12-gp(w7-gp(w3-gp(w14-gp(w1-gp55-tp3-num1)-tp9-num1)-tp12-num1)-tp3-num1)-tp3-num1)-tp3-num1)-tp9-num1)-tp6-num1)-tp17-num1)-tp6-num1)
159,159,1344,(w7-gp(w5-gp(w10-gp(w11-gp(w13-gp(w12-gp(w7-gp(w12-gp(w12-gp(w1-gp55-tp200-num1)-tp3-num1)-tp3-num1)-tp3-num1)-tp9-num1)-tp6-num2)-tp9-num1)-tp6-num1)-tp220-num1)-tp6-num1)
160,160,1328,(w7-gp(w12-gp(w4-gp(w11-gp(w14-gp(w12-gp(w7-gp(w3-gp(w14-gp(w1-gp55-tp3-num1)-tp9-num1)-tp12-num1)-tp3-num1)-tp6-num1)-tp6-num1)-tp9-num1)-tp3-num1)-tp6-num1)-tp24-num1)
161,161,852,(w10-gp(w5-gp(w2-gp(w4-gp(w7-gp(w6-gp(w10-gp(w3-gp(w14-gp(w1-gp55-tp3-num1)-tp9-num1)-tp68-num1)-tp3-num1)-tp3-num1)-tp3-num1)-tp6-num2)-tp6-num1)-tp2965-num1)-tp6-num1)
162,162,1470,(w1-gp(w2-gp(w12-gp(w1-gp(w1-gp(w1-gp(w1-gp(w1-gp(w1-gp(w1-gp(w1-gp55-tp13-num1)-tp3-num1)-tp3-num1)-tp3-num1)-tp3-num1)-tp3-num1)-tp9-num1)-tp6-num1)-tp6-num1)-tp9-num1)-tp68-num1)
163,163,55,(w1-gp(w5-gp(w11-gp(w13-gp(w12-gp(w7-gp(w12-gp(w12-gp(w1-gp55-tp200-num1)-tp3-num1)-tp3-num1)-tp3-num1)-tp9-num1)-tp6-num2)-tp6-num1)-tp6-num1)-tp2355-num1)
164,164,1276,(w5-gp(w7-gp(w10-gp(w3-gp(w15-gp(w2-gp(w14-gp(w3-gp(w14-gp(w1-gp55-tp3-num1)-tp9-num1)-tp0-num1)-tp3-num1)-tp3-num1)-tp9-num2)-tp6-num1)-tp6-num2)-tp6-num1)-tp6-num1)
165,165,16,(w1-gp(w11-gp(w14-gp(w7-gp(w6-gp(w10-gp(w3-gp(w14-gp(w1-gp55-tp3-num1)-tp9-num1)-tp68-num1)-tp3-num1)-tp3-num1)-tp9-num2)-tp6-num1)-tp6-num2)-tp1074-num1)
166,166,892,(w11-gp(w2-gp(w4-gp(w15-gp(w15-gp(w12-gp(w7-gp(w3-gp(w14-gp(w1-gp55-tp3-num1)-tp9-num1)-tp12-num1)-tp3-num1)-tp3-num1)-tp6-num2)-tp9-num1)-tp6-num1)-tp6-num1)-tp9-num1)
167,167,753,(w9-gp(w10-gp(w8-gp(w11-gp(w10-gp(w3-gp(w3-gp(w14-gp(w1-gp55-tp3-num1)-tp9-num1)-tp36-num1)-tp3-num1)-tp3-num1)-tp9-num2)-tp6-num1)-tp6-num2)-tp17-num1)
168,168,1565,(w11-gp(w15-gp(w7-gp(w10-gp(w2-gp(w11-gp(w10-gp(w3-gp(w3-gp(w14-gp(w1-gp55-tp3-num1)-tp9-num1)-tp36-num1)-tp3-num1)-tp3-num1)-tp6-num2)-tp6-num1)-tp24-num1)-tp6-num1)-tp24-num1)-tp5230-num1)
169,169,1166,(w3-gp(w5-gp(w2-gp(w4-gp(w7-gp(w6-gp(w10-gp(w3-gp(w14-gp(w1-gp55-tp3-num1)-tp9-num1)-tp68-num1)-tp3-num1)-tp3-num1)-tp3-num1)-tp6-num2)-tp6-num1)-tp1074-num1)-tp6-num1)
170,170,1095,(w15-gp(w6-gp(w8-gp(w5-gp(w11-gp(w12-gp(w7-gp(w3-gp(w14-gp(w1-gp55-tp3-num1)-tp9-num1)-tp12-num1)-tp15-num1)-tp3-num1)-tp9-num2)-tp9-num1)-tp6-num1)-tp1353-num1)-tp6-num1)
171,171,1642,(w13-gp(w14-gp(w1-gp(w3-gp(w4-gp(w11-gp(w10-gp(w3-gp(w3-gp(w14-gp(w1-gp55-tp3-num1)-tp9-num1)-tp36-num1)-tp3-num1)-tp3-num1)-tp3-num1)-tp6-num2)-tp6-num1)-tp6-num2)-tp4838-num1)-tp6-num1)
172,172,1374,(w8-gp(w2-gp(w13-gp(w6-gp(w15-gp(w12-gp(w7-gp(w3-gp(w14-gp(w1-gp55-tp3-num1)-tp9-num1)-tp12-num1)-tp3-num1)-tp3-num1)-tp9-num2)-tp6-num3)-tp6-num1)-tp658-num1)-tp6-num1)
173,173,420,(w2-gp(w14-gp(w4-gp(w10-gp(w12-gp(w9-gp(w4-gp(w14-gp(w1-gp55-tp3-num1)-tp6-num1)-tp17-num1)-tp3-num1)-tp3-num1)-tp9-num2)-tp9-num1)-tp6-num1)-tp6-num1)
174,174,599,(w6-gp(w11-gp(w13-gp(w5-gp(w9-gp(w15-gp(w3-gp(w14-gp(w1-gp55-tp3-num1)-tp9-num1)-tp458-num1)-tp3-num1)-tp3-num1)-tp9-num1)-tp6-num1)-tp6-num1)-tp6-num1)
175,175,51,(w1-gp(w5-gp(w11-gp(w13-gp(w12-gp(w7-gp(w12-gp(w12-gp(w1-gp55-tp200-num1)-tp3-num1)-tp3-num1)-tp3-num1)-tp9-num1)-tp6-num2)-tp6-num1)-tp6-num1)-tp1346-num1)
176,176,855,(w10-gp(w6-gp(w12-gp(w7-gp(w13-gp(w12-gp(w7-gp(w12-gp(w12-gp(w1-gp55-tp200-num1)-tp3-num1)-tp3-num1)-tp3-num1)-tp9-num1)-tp12-num1)-tp6-num1)-tp6-num1)-tp6-num1)-tp1346-num1)
177,177,932,(w12-gp(w12-gp(w3-gp(w4-gp(w5-gp(w9-gp(w15-gp(w3-gp(w14-gp(w1-gp55-tp3-num1)-tp9-num1)-tp458-num1)-tp3-num1)-tp3-num1)-tp3-num1)-tp6-num2)-tp6-num1)-tp6-num2)-tp6889-num1)
178,178,197,(w12-gp(w11-gp(w8-gp(w14-gp(w2-gp(w3-gp(w3-gp(w14-gp(w1-gp55-tp3-num1)-tp9-num1)-tp19-num1)-tp3-num1)-tp3-num1)-tp9-num1)-tp6-num1)-tp6-num2)-tp17-num1)
179,179,1182,(w3-gp(w6-gp(w10-gp(w3-gp(w15-gp(w2-gp(w14-gp(w3-gp(w14-gp(w1-gp55-tp3-num1)-tp9-num1)-tp0-num1)-tp3-num1)-tp3-num1)-tp9-num2)-tp6-num2)-tp6-num1)-tp6-num2)-tp767-num1)
180,180,1943,(w8-gp(w11-gp(w14-gp(w3-gp(w3-gp(w15-gp(w2-gp(w14-gp(w3-gp(w14-gp(w1-gp55-tp3-num1)-tp9-num1)-tp0-num1)-tp3-num1)-tp3-num1)-tp15-num1)-tp6-num1)-tp6-num1)-tp6-num1)-tp6-num1)-tp6-num1)
181,181,1580,(w11-gp(w6-gp(w5-gp(w2-gp(w12-gp(w1-gp(w1-gp(w1-gp(w1-gp(w1-gp(w1-gp55-tp13-num1)-tp3-num1)-tp3-num1)-tp3-num1)-tp3-num1)-tp9-num1)-tp9-num1)-tp6-num1)-tp6-num2)-tp6-num1)-tp12-num1)
182,182,889,(w11-gp(w15-gp(w13-gp(w8-gp(w3-gp(w14-gp(w14-gp(w3-gp(w14-gp(w1-gp55-tp3-num1)-tp9-num1)-tp0-num1)-tp15-num1)-tp3-num1)-tp9-num2)-tp9-num1)-tp6-num1)-tp6-num2)-tp658-num1)
183,183,1705,(w14-gp(w9-gp(w11-gp(w1-gp(w6-gp(w12-gp(w1-gp(w1-gp(w1-gp(w1-gp(w1-gp55-tp13-num1)-tp3-num1)-tp3-num1)-tp3-num1)-tp9-num1)-tp12-num1)-tp9-num1)-tp6-num2)-tp6-num1)-tp6-num2)-tp6-num1)
184,184,1478,(w1-gp(w5-gp(w2-gp(w14-gp(w3-gp(w15-gp(w2-gp(w14-gp(w3-gp(w14-gp(w1-gp55-tp3-num1)-tp9-num1)-tp0-num1)-tp3-num1)-tp3-num1)-tp15-num1)-tp6-num2)-tp6-num1)-tp6-num1)-tp9-num1)-tp6-num2)
185,185,491,(w4-gp(w12-gp(w5-gp(w12-gp(w1-gp(w1-gp(w1-gp(w1-gp(w1-gp55-tp13-num1)-tp3-num1)-tp3-num1)-tp3-num1)-tp9-num1)-tp458-num1)-tp6-num2)-tp6-num1)-tp6-num1)
186,186,1562,(w11-gp(w15-gp(w13-gp(w11-gp(w13-gp(w5-gp(w9-gp(w15-gp(w3-gp(w14-gp(w1-gp55-tp3-num1)-tp9-num1)-tp458-num1)-tp3-num1)-tp3-num1)-tp9-num1)-tp6-num3)-tp6-num1)-tp6-num1)-tp9-num1)-tp658-num1)
187,187,1335,(w7-gp(w15-gp(w13-gp(w9-gp(w1-gp(w3-gp(w15-gp(w3-gp(w14-gp(w1-gp55-tp3-num1)-tp9-num1)-tp458-num1)-tp200-num1)-tp3-num1)-tp3-num1)-tp6-num2)-tp6-num1)-tp6-num1)-tp1346-num1)
188,188,145,(w11-gp(w13-gp(w11-gp(w11-gp(w10-gp(w3-gp(w3-gp(w14-gp(w1-gp55-tp3-num1)-tp9-num1)-tp36-num1)-tp3-num1)-tp3-num1)-tp13-num1)-tp6-num2)-tp6-num1)-tp24-num1)
189,189,1053,(w14-gp(w2-gp(w14-gp(w3-gp(w15-gp(w2-gp(w14-gp(w3-gp(w14-gp(w1-gp55-tp3-num1)-tp9-num1)-tp0-num1)-tp3-num1)-tp3-num1)-tp15-num1)-tp6-num2)-tp6-num1)-tp6-num3)-tp6-num1)
190,190,19,(w1-gp(w11-gp(w14-gp(w7-gp(w6-gp(w10-gp(w3-gp(w14-gp(w1-gp55-tp3-num1)-tp9-num1)-tp68-num1)-tp3-num1)-tp3-num1)-tp9-num2)-tp6-num1)-tp6-num2)-tp17-num1)
191,191,302,(w14-gp(w10-gp(w15-gp(w11-gp(w12-gp(w7-gp(w12-gp(w12-gp(w1-gp55-tp200-num1)-tp3-num1)-tp6-num1)-tp6-num1)-tp3-num1)-tp9-num2)-tp9-num1)-tp6-num1)-tp6-num1)
192,192,1541,(w10-gp(w7-gp(w3-gp(w8-gp(w5-gp(w15-gp(w12-gp(w7-gp(w3-gp(w14-gp(w1-gp55-tp3-num1)-tp9-num1)-tp12-num1)-tp3-num1)-tp3-num1)-tp3-num1)-tp6-num2)-tp6-num1)-tp6-num2)-tp6-num1)-tp1346-num1)
193,193,77,(w1-gp(w9-gp(w4-gp(w15-gp(w2-gp(w14-gp(w3-gp(w14-gp(w1-gp55-tp3-num1)-tp9-num1)-tp0-num1)-tp3-num1)-tp3-num1)-tp3-num1)-tp9-num1)-tp6-num1)-tp6-num1)
194,194,1933,(w8-gp(w11-gp(w13-gp(w15-gp(w15-gp(w15-gp(w12-gp(w7-gp(w3-gp(w14-gp(w1-gp55-tp3-num1)-tp9-num1)-tp12-num1)-tp3-num1)-tp3-num1)-tp6-num2)-tp6-num1)-tp24-num1)-tp6-num1)-tp24-num1)-tp1346-num1)
195,195,1345,(w7-gp(w5-gp(w9-gp(w1-gp(w12-gp(w1-gp(w1-gp(w1-gp(w1-gp(w1-gp55-tp13-num1)-tp3-num1)-tp3-num1)-tp3-num1)-tp9-num1)-tp19-num1)-tp6-num1)-tp6-num1)-tp24-num1)-tp6-num1)
196,196,1048,(w14-gp(w2-gp(w11-gp(w11-gp(w13-gp(w12-gp(w7-gp(w12-gp(w12-gp(w1-gp55-tp200-num1)-tp3-num1)-tp3-num1)-tp3-num1)-tp9-num1)-tp19-num1)-tp6-num2)-tp6-num1)-tp6-num1)-tp6-num1)
197,197,1290,(w6-gp(w12-gp(w2-gp(w3-gp(w11-gp(w12-gp(w7-gp(w3-gp(w14-gp(w1-gp55-tp3-num1)-tp9-num1)-tp12-num1)-tp15-num1)-tp3-num1)-tp3-num1)-tp9-num1)-tp6-num1)-tp6-num1)-tp9-num1)
198,198,1108,(w15-gp(w9-gp(w6-gp(w4-gp(w13-gp(w12-gp(w7-gp(w12-gp(w12-gp(w1-gp55-tp200-num1)-tp3-num1)-tp3-num1)-tp3-num1)-tp9-num1)-tp3-num1)-tp9-num1)-tp6-num1)-tp6-num2)-tp6-num1)
199,199,656,(w7-gp(w10-gp(w3-gp(w15-gp(w2-gp(w14-gp(w3-gp(w14-gp(w1-gp55-tp3-num1)-tp9-num1)-tp0-num1)-tp3-num1)-tp3-num1)-tp9-num2)-tp6-num1)-tp6-num2)-tp2965-num1)
200,200,1351,(w7-gp(w7-gp(w15-gp(w2-gp(w12-gp(w1-gp(w1-gp(w1-gp(w1-gp(w1-gp55-tp13-num1)-tp3-num1)-tp3-num1)-tp3-num1)-tp9-num1)-tp0-num1)-tp6-num2)-tp6-num4)-tp6-num1)-tp24-num1)
201,201,1937,(w8-gp(w11-gp(w13-gp(w15-gp(w15-gp(w15-gp(w12-gp(w7-gp(w3-gp(w14-gp(w1-gp55-tp3-num1)-tp9-num1)-tp12-num1)-tp3-num1)-tp3-num1)-tp6-num2)-tp6-num1)-tp24-num1)-tp6-num1)-tp24-num1)-tp220-num1)
202,202,46,(w1-gp(w3-gp(w4-gp(w11-gp(w10-gp(w3-gp(w3-gp(w14-gp(w1-gp55-tp3-num1)-tp9-num1)-tp36-num1)-tp3-num1)-tp3-num1)-tp3-num1)-tp6-num2)-tp6-num1)-tp6-num3)
203,203,1091,(w15-gp(w3-gp(w8-gp(w5-gp(w15-gp(w12-gp(w7-gp(w3-gp(w14-gp(w1-gp55-tp3-num1)-tp9-num1)-tp12-num1)-tp3-num1)-tp3-num1)-tp3-num1)-tp6-num2)-tp6-num1)-tp17-num1)-tp6-num1)
204,204,1577,(w11-gp(w6-gp(w10-gp(w12-gp(w14-gp(w7-gp(w6-gp(w10-gp(w3-gp(w14-gp(w1-gp55-tp3-num1)-tp9-num1)-tp68-num1)-tp3-num1)-tp3-num1)-tp9-num2)-tp6-num2)-tp6-num1)-tp6-num1)-tp6-num1)-tp658-num1)
205,205,150,(w11-gp(w14-gp(w2-gp(w14-gp(w12-gp(w7-gp(w3-gp(w14-gp(w1-gp55-tp3-num1)-tp9-num1)-tp12-num1)-tp3-num1)-tp6-num1)-tp3-num1)-tp9-num1)-tp6-num1)-tp17-num1)
206,206,787,(w1-gp(w1-gp(w11-gp(w14-gp(w3-gp(w9-gp(w4-gp(w3-gp(w14-gp(w1-gp55-tp3-num1)-tp9-num1)-tp1085-num1)-tp3-num1)-tp3-num1)-tp9-num1)-tp6-num2)-tp6-num1)-tp1074-num1)-tp6-num1)
207,207,751,(w9-gp(w10-gp(w6-gp(w11-gp(w12-gp(w7-gp(w12-gp(w12-gp(w1-gp55-tp200-num1)-tp3-num1)-tp6-num1)-tp6-num1)-tp3-num1)-tp3-num1)-tp9-num1)-tp6-num1)-tp6-num1)
208,208,1208,(w4-gp(w12-gp(w14-gp(w8-gp(w11-gp(w10-gp(w3-gp(w3-gp(w14-gp(w1-gp55-tp3-num1)-tp9-num1)-tp36-num1)-tp3-num1)-tp3-num1)-tp9-num2)-tp6-num2)-tp6-num1)-tp6-num2)-tp673-num1)
209,209,660,(w7-gp(w10-gp(w3-gp(w15-gp(w2-gp(w14-gp(w3-gp(w14-gp(w1-gp55-tp3-num1)-tp9-num1)-tp0-num1)-tp3-num1)-tp3-num1)-tp9-num2)-tp6-num1)-tp6-num2)-tp690-num1)
210,210,1830,(w4-gp(w14-gp(w10-gp(w12-gp(w14-gp(w7-gp(w6-gp(w10-gp(w3-gp(w14-gp(w1-gp55-tp3-num1)-tp9-num1)-tp68-num1)-tp3-num1)-tp3-num1)-tp9-num2)-tp6-num2)-tp6-num1)-tp6-num2)-tp658-num1)-tp6-num1)
211,211,1754,(w2-gp(w14-gp(w10-gp(w12-gp(w14-gp(w7-gp(w6-gp(w10-gp(w3-gp(w14-gp(w1-gp55-tp3-num1)-tp9-num1)-tp68-num1)-tp3-num1)-tp3-num1)-tp9-num2)-tp6-num2)-tp6-num1)-tp6-num2)-tp6-num2)-tp1346-num2)
212,212,1497,(w1-gp(w9-gp(w2-gp(w13-gp(w6-gp(w15-gp(w12-gp(w7-gp(w3-gp(w14-gp(w1-gp55-tp3-num1)-tp9-num1)-tp12-num1)-tp3-num1)-tp3-num1)-tp9-num2)-tp6-num3)-tp6-num1)-tp17-num1)-tp6-num1)-tp6-num1)
213,213,746,(w8-gp(w5-gp(w7-gp(w13-gp(w12-gp(w7-gp(w12-gp(w12-gp(w1-gp55-tp200-num1)-tp3-num1)-tp3-num1)-tp3-num1)-tp9-num1)-tp12-num1)-tp6-num2)-tp6-num4)-tp6-num1)
214,214,868,(w11-gp(w1-gp(w3-gp(w4-gp(w11-gp(w10-gp(w3-gp(w3-gp(w14-gp(w1-gp55-tp3-num1)-tp9-num1)-tp36-num1)-tp3-num1)-tp3-num1)-tp3-num1)-tp6-num2)-tp6-num1)-tp673-num1)-tp6-num1)
215,215,1106,(w15-gp(w8-gp(w2-gp(w8-gp(w14-gp(w2-gp(w3-gp(w3-gp(w14-gp(w1-gp55-tp3-num1)-tp9-num1)-tp19-num1)-tp3-num1)-tp3-num1)-tp3-num1)-tp6-num2)-tp6-num1)-tp220-num1)-tp6-num1)
216,216,1859,(w5-gp(w11-gp(w13-gp(w15-gp(w15-gp(w15-gp(w12-gp(w7-gp(w3-gp(w14-gp(w1-gp55-tp3-num1)-tp9-num1)-tp12-num1)-tp3-num1)-tp3-num1)-tp6-num2)-tp6-num1)-tp24-num1)-tp6-num1)-tp3242-num1)-tp24-num1)
217,217,1828,(w4-gp(w14-gp(w10-gp(w12-gp(w14-gp(w7-gp(w6-gp(w10-gp(w3-gp(w14-gp(w1-gp55-tp3-num1)-tp9-num1)-tp68-num1)-tp3-num1)-tp3-num1)-tp9-num2)-tp6-num2)-tp6-num1)-tp6-num2)-tp6-num1)-tp6-num2)
218,218,1528,(w10-gp(w5-gp(w2-gp(w14-gp(w3-gp(w15-gp(w2-gp(w14-gp(w3-gp(w14-gp(w1-gp55-tp3-num1)-tp9-num1)-tp0-num1)-tp3-num1)-tp3-num1)-tp15-num1)-tp6-num2)-tp6-num1)-tp6-num1)-tp6-num1)-tp658-num1)
219,219,27,(w1-gp(w11-gp(w14-gp(w7-gp(w6-gp(w10-gp(w3-gp(w14-gp(w1-gp55-tp3-num1)-tp9-num1)-tp68-num1)-tp3-num1)-tp3-num1)-tp9-num2)-tp6-num1)-tp6-num2)-tp690-num1)
220,220,1461,(w1-gp(w15-gp(w15-gp(w1-gp(w6-gp(w12-gp(w1-gp(w1-gp(w1-gp(w1-gp(w1-gp55-tp13-num1)-tp3-num1)-tp3-num1)-tp3-num1)-tp9-num1)-tp12-num1)-tp6-num2)-tp6-num1)-tp6-num1)-tp6-num1)-tp6-num1)
221,221,970,(w13-gp(w10-gp(w11-gp(w13-gp(w5-gp(w12-gp(w7-gp(w12-gp(w12-gp(w1-gp55-tp200-num1)-tp3-num1)-tp3-num1)-tp3-num1)-tp6-num1)-tp24-num1)-tp9-num1)-tp6-num1)-tp6-num1)-tp690-num1)
222,222,1654,(w13-gp(w3-gp(w5-gp(w2-gp(w4-gp(w7-gp(w6-gp(w10-gp(w3-gp(w14-gp(w1-gp55-tp3-num1)-tp9-num1)-tp68-num1)-tp3-num1)-tp3-num1)-tp3-num1)-tp6-num2)-tp6-num1)-tp6-num2)-tp6-num1)-tp6-num1)
223,223,646,(w7-gp(w1-gp(w4-gp(w7-gp(w12-gp(w10-gp(w3-gp(w14-gp(w1-gp55-tp3-num1)-tp9-num1)-tp68-num1)-tp15-num1)-tp3-num1)-tp9-num2)-tp6-num1)-tp6-num1)-tp6-num1)
224,224,350,(w15-gp(w11-gp(w10-gp(w9-gp(w2-gp(w14-gp(w3-gp(w14-gp(w1-gp55-tp3-num1)-tp9-num1)-tp0-num1)-tp9-num1)-tp0-num1)-tp3-num1)-tp6-num1)-tp6-num1)-tp24-num1)
225,225,1439,(w9-gp(w5-gp(w10-gp(w11-gp(w13-gp(w12-gp(w7-gp(w12-gp(w12-gp(w1-gp55-tp200-num1)-tp3-num1)-tp3-num1)-tp3-num1)-tp9-num1)-tp6-num2)-tp9-num1)-tp6-num1)-tp6-num2)-tp6-num1)
226,226,923,(w12-gp(w1-gp(w3-gp(w4-gp(w11-gp(w10-gp(w3-gp(w3-gp(w14-gp(w1-gp55-tp3-num1)-tp9-num1)-tp36-num1)-tp3-num1)-tp3-num1)-tp3-num1)-tp6-num2)-tp6-num1)-tp658-num1)-tp6-num1)
227,227,1362,(w8-gp(w12-gp(w1-gp(w1-gp(w1-gp(w1-gp(w1-gp(w1-gp(w1-gp(w1-gp55-tp13-num1)-tp3-num1)-tp3-num1)-tp3-num1)-tp3-num1)-tp3-num1)-tp9-num1)-tp6-num1)-tp6-num2)-tp6-num1)
228,228,903,(w11-gp(w5-gp(w2-gp(w4-gp(w7-gp(w6-gp(w10-gp(w3-gp(w14-gp(w1-gp55-tp3-num1)-tp9-num1)-tp68-num1)-tp3-num1)-tp3-num1)-tp3-num1)-tp6-num2)-tp6-num1)-tp6-num1)-tp648-num1)
229,229,1704,(w14-gp(w9-gp(w11-gp(w1-gp(w6-gp(w12-gp(w1-gp(w1-gp(w1-gp(w1-gp(w1-gp55-tp13-num1)-tp3-num1)-tp3-num1)-tp3-num1)-tp9-num1)-tp12-num1)-tp9-num1)-tp6-num2)-tp6-num1)-tp6-num2)-tp17-num1)
230,230,255,(w12-gp(w8-gp(w4-gp(w4-gp(w1-gp(w14-gp(w3-gp(w14-gp(w1-gp55-tp3-num1)-tp9-num1)-tp25-num1)-tp3-num1)-tp3-num1)-tp3-num1)-tp6-num2)-tp6-num1)-tp6-num1)
231,231,168,(w11-gp(w8-gp(w4-gp(w7-gp(w6-gp(w10-gp(w3-gp(w14-gp(w1-gp55-tp3-num1)-tp9-num1)-tp68-num1)-tp3-num1)-tp3-num1)-tp3-num1)-tp9-num1)-tp6-num1)-tp6-num1)
232,232,1007,(w14-gp(w1-gp(w3-gp(w4-gp(w11-gp(w10-gp(w3-gp(w3-gp(w14-gp(w1-gp55-tp3-num1)-tp9-num1)-tp36-num1)-tp3-num1)-tp3-num1)-tp3-num1)-tp6-num2)-tp6-num1)-tp6-num2)-tp6-num1)
233,233,1744,(w2-gp(w11-gp(w5-gp(w3-gp(w12-gp(w13-gp(w12-gp(w7-gp(w12-gp(w12-gp(w1-gp55-tp200-num1)-tp3-num1)-tp3-num1)-tp3-num1)-tp9-num1)-tp9-num2)-tp9-num1)-tp6-num1)-tp6-num2)-tp6-num1)-tp0-num1)
234,234,647,(w7-gp(w1-gp(w4-gp(w7-gp(w12-gp(w10-gp(w3-gp(w14-gp(w1-gp55-tp3-num1)-tp9-num1)-tp68-num1)-tp15-num1)-tp3-num1)-tp9-num2)-tp6-num1)-tp6-num1)-tp658-num1)
235,235,1055,(w14-gp(w5-gp(w10-gp(w11-gp(w13-gp(w12-gp(w7-gp(w12-gp(w12-gp(w1-gp55-tp200-num1)-tp3-num1)-tp3-num1)-tp3-num1)-tp9-num1)-tp6-num2)-tp9-num1)-tp6-num1)-tp17-num1)-tp6-num1)
236,236,267,(w12-gp(w9-gp(w4-gp(w7-gp(w6-gp(w10-gp(w3-gp(w14-gp(w1-gp55-tp3-num1)-tp9-num1)-tp68-num1)-tp3-num1)-tp3-num1)-tp3-num1)-tp6-num1)-tp6-num1)-tp6-num1)
237,237,1720,(w15-gp(w6-gp(w1-gp(w11-gp(w14-gp(w7-gp(w6-gp(w10-gp(w3-gp(w14-gp(w1-gp55-tp3-num1)-tp9-num1)-tp68-num1)-tp3-num1)-tp3-num1)-tp9-num2)-tp6-num1)-tp6-num2)-tp6-num2)-tp6-num1)-tp9-num1)
238,238,1489,(w1-gp(w7-gp(w11-gp(w1-gp(w5-gp(w15-gp(w12-gp(w7-gp(w3-gp(w14-gp(w1-gp55-tp3-num1)-tp9-num1)-tp12-num1)-tp3-num1)-tp3-num1)-tp3-num1)-tp9-num1)-tp6-num1)-tp6-num2)-tp6-num1)-tp6-num1)
239,239,1213,(w4-gp(w13-gp(w12-gp(w9-gp(w15-gp(w12-gp(w7-gp(w3-gp(w14-gp(w1-gp55-tp3-num1)-tp9-num1)-tp12-num1)-tp3-num1)-tp3-num1)-tp9-num1)-tp9-num1)-tp6-num1)-tp220-num1)-tp6-num1)
240,240,1597,(w12-gp(w1-gp(w12-gp(w5-gp(w4-gp(w11-gp(w10-gp(w3-gp(w3-gp(w14-gp(w1-gp55-tp3-num1)-tp9-num1)-tp36-num1)-tp3-num1)-tp3-num1)-tp3-num1)-tp6-num1)-tp6-num1)-tp6-num1)-tp9-num1)-tp6-num2)
241,241,1270,(w5-gp(w5-gp(w12-gp(w2-gp(w11-gp(w12-gp(w7-gp(w3-gp(w14-gp(w1-gp55-tp3-num1)-tp9-num1)-tp12-num1)-tp15-num1)-tp3-num1)-tp9-num1)-tp9-num1)-tp6-num1)-tp6-num1)-tp9-num1)
242,242,1236,(w4-gp(w7-gp(w10-gp(w8-gp(w14-gp(w2-gp(w3-gp(w3-gp(w14-gp(w1-gp55-tp3-num1)-tp9-num1)-tp19-num1)-tp3-num1)-tp3-num1)-tp9-num1)-tp6-num2)-tp6-num1)-tp6-num2)-tp1346-num1)
243,243,1175,(w3-gp(w6-gp(w10-gp(w3-gp(w15-gp(w2-gp(w14-gp(w3-gp(w14-gp(w1-gp55-tp3-num1)-tp9-num1)-tp0-num1)-tp3-num1)-tp3-num1)-tp9-num2)-tp6-num2)-tp6-num1)-tp6-num2)-tp17-num1)
244,244,910,(w11-gp(w5-gp(w9-gp(w1-gp(w12-gp(w1-gp(w1-gp(w1-gp(w1-gp(w1-gp55-tp13-num1)-tp3-num1)-tp3-num1)-tp3-num1)-tp9-num1)-tp19-num1)-tp6-num1)-tp6-num1)-tp6-num1)-tp1346-num1)
245,245,1180,(w3-gp(w6-gp(w10-gp(w3-gp(w15-gp(w2-gp(w14-gp(w3-gp(w14-gp(w1-gp55-tp3-num1)-tp9-num1)-tp0-num1)-tp3-num1)-tp3-num1)-tp9-num2)-tp6-num2)-tp6-num1)-tp6-num2)-tp658-num1)
246,246,1274,(w5-gp(w6-gp(w8-gp(w5-gp(w11-gp(w12-gp(w7-gp(w3-gp(w14-gp(w1-gp55-tp3-num1)-tp9-num1)-tp12-num1)-tp15-num1)-tp3-num1)-tp9-num2)-tp9-num1)-tp6-num1)-tp6-num2)-tp6-num1)
247,247,346,(w15-gp(w10-gp(w4-gp(w15-gp(w2-gp(w14-gp(w3-gp(w14-gp(w1-gp55-tp3-num1)-tp9-num1)-tp0-num1)-tp3-num1)-tp3-num1)-tp3-num1)-tp6-num1)-tp6-num1)-tp6-num1)
248,248,26,(w1-gp(w11-gp(w14-gp(w7-gp(w6-gp(w10-gp(w3-gp(w14-gp(w1-gp55-tp3-num1)-tp9-num1)-tp68-num1)-tp3-num1)-tp3-num1)-tp9-num2)-tp6-num1)-tp6-num2)-tp6889-num1)
249,249,14,(w1-gp(w11-gp(w14-gp(w3-gp(w9-gp(w4-gp(w3-gp(w14-gp(w1-gp55-tp3-num1)-tp9-num1)-tp1085-num1)-tp3-num1)-tp3-num1)-tp9-num1)-tp6-num2)-tp6-num1)-tp6-num2)
250,250,1568,(w11-gp(w15-gp(w7-gp(w10-gp(w2-gp(w11-gp(w10-gp(w3-gp(w3-gp(w14-gp(w1-gp55-tp3-num1)-tp9-num1)-tp36-num1)-tp3-num1)-tp3-num1)-tp6-num2)-tp6-num1)-tp24-num1)-tp6-num1)-tp24-num1)-tp673-num1)
251,251,947,(w12-gp(w3-gp(w10-gp(w15-gp(w13-gp(w12-gp(w7-gp(w12-gp(w12-gp(w1-gp55-tp200-num1)-tp3-num1)-tp3-num1)-tp3-num1)-tp9-num1)-tp0-num1)-tp6-num1)-tp6-num1)-tp6-num1)-tp690-num1)
252,252,149,(w11-gp(w14-gp(w2-gp(w14-gp(w12-gp(w7-gp(w3-gp(w14-gp(w1-gp55-tp3-num1)-tp9-num1)-tp12-num1)-tp3-num1)-tp6-num1)-tp3-num1)-tp9-num1)-tp6-num1)-tp1353-num1)
253,253,944,(w12-gp(w3-gp(w10-gp(w15-gp(w13-gp(w12-gp(w7-gp(w12-gp(w12-gp(w1-gp55-tp200-num1)-tp3-num1)-tp3-num1)-tp3-num1)-tp9-num1)-tp0-num1)-tp6-num1)-tp6-num1)-tp6-num1)-tp2965-num1)
254,254,819,(w1-gp(w5-gp(w2-gp(w4-gp(w7-gp(w6-gp(w10-gp(w3-gp(w14-gp(w1-gp55-tp3-num1)-tp9-num1)-tp68-num1)-tp3-num1)-tp3-num1)-tp3-num1)-tp6-num2)-tp6-num1)-tp1346-num1)-tp6-num1)
255,255,133,(w11-gp(w1-gp(w6-gp(w12-gp(w1-gp(w1-gp(w1-gp(w1-gp(w1-gp55-tp13-num1)-tp3-num1)-tp3-num1)-tp3-num1)-tp9-num1)-tp12-num1)-tp9-num1)-tp6-num2)-tp6-num1)
256,256,292,(w13-gp(w14-gp(w12-gp(w13-gp(w5-gp(w14-gp(w3-gp(w14-gp(w1-gp55-tp3-num1)-tp9-num1)-tp4958-num1)-tp3-num1)-tp3-num1)-tp9-num1)-tp6-num2)-tp6-num1)-tp6-num1)
257,257,1980,(w9-gp(w12-gp(w1-gp(w7-gp(w5-gp(w7-gp(w12-gp(w10-gp(w3-gp(w14-gp(w1-gp55-tp3-num1)-tp9-num1)-tp68-num1)-tp15-num1)-tp3-num1)-tp3-num1)-tp6-num1)-tp6-num1)-tp6-num1)-tp9-num1)-tp6-num2)
258,258,370,(w15-gp(w8-gp(w8-gp(w3-gp(w14-gp(w14-gp(w3-gp(w14-gp(w1-gp55-tp3-num1)-tp9-num1)-tp0-num1)-tp15-num1)-tp3-num1)-tp9-num2)-tp6-num1)-tp6-num1)-tp17-num1)
259,259,1487,(w1-gp(w6-gp(w4-gp(w10-gp(w5-gp(w3-gp(w12-gp(w7-gp(w12-gp(w12-gp(w1-gp55-tp200-num1)-tp3-num1)-tp3-num1)-tp3-num1)-tp3-num1)-tp3-num1)-tp9-num1)-tp6-num1)-tp6-num1)-tp9-num1)-tp458-num1)
260,260,600,(w6-gp(w11-gp(w13-gp(w5-gp(w9-gp(w15-gp(w3-gp(w14-gp(w1-gp55-tp3-num1)-tp9-num1)-tp458-num1)-tp3-num1)-tp3-num1)-tp9-num1)-tp6-num1)-tp6-num1)-tp658-num1)
261,261,1434,(w9-gp(w2-gp(w10-gp(w6-gp(w14-gp(w6-gp(w10-gp(w3-gp(w14-gp(w1-gp55-tp3-num1)-tp9-num1)-tp68-num1)-tp3-num1)-tp64-num1)-tp3-num1)-tp6-num2)-tp6-num1)-tp6-num1)-tp9463-num1)
262,262,501,(w4-gp(w5-gp(w7-gp(w1-gp(w1-gp(w1-gp(w1-gp(w1-gp(w1-gp55-tp13-num1)-tp3-num1)-tp3-num1)-tp3-num1)-tp6-num1)-tp17-num1)-tp6-num1)-tp6-num1)-tp24-num1)
263,263,25,(w1-gp(w11-gp(w14-gp(w7-gp(w6-gp(w10-gp(w3-gp(w14-gp(w1-gp55-tp3-num1)-tp9-num1)-tp68-num1)-tp3-num1)-tp3-num1)-tp9-num2)-tp6-num1)-tp6-num2)-tp658-num1)
264,264,1663,(w13-gp(w9-gp(w11-gp(w1-gp(w6-gp(w12-gp(w1-gp(w1-gp(w1-gp(w1-gp(w1-gp55-tp13-num1)-tp3-num1)-tp3-num1)-tp3-num1)-tp9-num1)-tp12-num1)-tp9-num1)-tp6-num2)-tp6-num1)-tp1346-num1)-tp6-num1)
265,265,1334,(w7-gp(w13-gp(w4-gp(w3-gp(w11-gp(w10-gp(w10-gp(w3-gp(w14-gp(w1-gp55-tp3-num1)-tp9-num1)-tp68-num1)-tp13-num1)-tp3-num1)-tp3-num1)-tp6-num2)-tp6-num1)-tp6-num1)-tp658-num1)
266,266,449,(w3-gp(w10-gp(w3-gp(w15-gp(w2-gp(w14-gp(w3-gp(w14-gp(w1-gp55-tp3-num1)-tp9-num1)-tp0-num1)-tp3-num1)-tp3-num1)-tp9-num2)-tp6-num1)-tp6-num3)-tp6-num1)
267,267,369,(w15-gp(w8-gp(w8-gp(w3-gp(w14-gp(w14-gp(w3-gp(w14-gp(w1-gp55-tp3-num1)-tp9-num1)-tp0-num1)-tp15-num1)-tp3-num1)-tp9-num2)-tp6-num1)-tp6-num1)-tp1353-num1)
268,268,258,(w12-gp(w9-gp(w11-gp(w5-gp(w12-gp(w7-gp(w12-gp(w12-gp(w1-gp55-tp200-num1)-tp3-num1)-tp3-num1)-tp3-num1)-tp6-num1)-tp658-num1)-tp6-num1)-tp6-num1)-tp24-num1)
269,269,866,(w10-gp(w7-gp(w10-gp(w8-gp(w14-gp(w2-gp(w3-gp(w3-gp(w14-gp(w1-gp55-tp3-num1)-tp9-num1)-tp19-num1)-tp3-num1)-tp3-num1)-tp9-num1)-tp6-num2)-tp6-num1)-tp3388-num1)-tp6-num1)
270,270,1034,(w14-gp(w11-gp(w9-gp(w11-gp(w11-gp(w2-gp(w14-gp(w3-gp(w14-gp(w1-gp55-tp3-num1)-tp9-num1)-tp0-num1)-tp3-num1)-tp6-num1)-tp15-num1)-tp9-num1)-tp6-num1)-tp24-num1)-tp658-num1)
271,271,497,(w4-gp(w2-gp(w14-gp(w1-gp(w1-gp(w1-gp(w1-gp(w1-gp(w1-gp55-tp13-num1)-tp3-num1)-tp3-num1)-tp3-num1)-tp6-num1)-tp1346-num1)-tp6-num1)-tp6-num1)-tp24-num1)
272,272,961,(w13-gp(w10-gp(w11-gp(w13-gp(w5-gp(w12-gp(w7-gp(w12-gp(w12-gp(w1-gp55-tp200-num1)-tp3-num1)-tp3-num1)-tp3-num1)-tp6-num1)-tp24-num1)-tp9-num1)-tp6-num1)-tp6-num1)-tp1353-num1)
273,273,637,(w7-gp(w1-gp(w2-gp(w4-gp(w1-gp(w14-gp(w3-gp(w14-gp(w1-gp55-tp3-num1)-tp9-num1)-tp25-num1)-tp3-num1)-tp3-num1)-tp9-num1)-tp6-num1)-tp6-num2)-tp17-num1)
274,274,1682,(w14-gp(w15-gp(w9-gp(w6-gp(w4-gp(w13-gp(w12-gp(w7-gp(w12-gp(w12-gp(w1-gp55-tp200-num1)-tp3-num1)-tp3-num1)-tp3-num1)-tp9-num1)-tp3-num1)-tp9-num1)-tp6-num1)-tp6-num2)-tp6-num1)-tp0-num1)
275,275,1159,(w3-gp(w11-gp(w13-gp(w11-gp(w11-gp(w10-gp(w3-gp(w3-gp(w14-gp(w1-gp55-tp3-num1)-tp9-num1)-tp36-num1)-tp3-num1)-tp3-num1)-tp13-num1)-tp6-num2)-tp6-num1)-tp6-num1)-tp673-num1)
276,276,948,(w12-gp(w3-gp(w10-gp(w15-gp(w13-gp(w12-gp(w7-gp(w12-gp(w12-gp(w1-gp55-tp200-num1)-tp3-num1)-tp3-num1)-tp3-num1)-tp9-num1)-tp0-num1)-tp6-num1)-tp6-num1)-tp6-num1)-tp767-num1)
277,277,157,(w11-gp(w3-gp(w13-gp(w2-gp(w6-gp(w10-gp(w3-gp(w14-gp(w1-gp55-tp3-num1)-tp9-num1)-tp68-num1)-tp3-num1)-tp6-num1)-tp3-num1)-tp9-num1)-tp6-num1)-tp24-num1)
278,278,81,(w10-gp(w1-gp(w9-gp(w13-gp(w12-gp(w1-gp(w1-gp(w1-gp(w1-gp55-tp13-num1)-tp3-num1)-tp3-num1)-tp9-num1)-tp9-num1)-tp12-num1)-tp6-num2)-tp6-num1)-tp24-num1)
279,279,378,(w15-gp(w9-gp(w6-gp(w15-gp(w1-gp(w9-gp(w14-gp(w14-gp(w1-gp55-tp3-num1)-tp3-num1)-tp64-num1)-tp3-num1)-tp9-num1)-tp12-num1)-tp6-num2)-tp6-num4)-tp6-num1)
280,280,913,(w11-gp(w5-gp(w9-gp(w1-gp(w12-gp(w1-gp(w1-gp(w1-gp(w1-gp(w1-gp55-tp13-num1)-tp3-num1)-tp3-num1)-tp3-num1)-tp9-num1)-tp19-num1)-tp6-num1)-tp6-num1)-tp6-num1)-tp6-num1)
281,281,1857,(w5-gp(w11-gp(w13-gp(w15-gp(w15-gp(w15-gp(w12-gp(w7-gp(w3-gp(w14-gp(w1-gp55-tp3-num1)-tp9-num1)-tp12-num1)-tp3-num1)-tp3-num1)-tp6-num2)-tp6-num1)-tp24-num1)-tp6-num1)-tp17-num1)-tp24-num1)
282,282,862,(w10-gp(w6-gp(w12-gp(w7-gp(w13-gp(w12-gp(w7-gp(w12-gp(w12-gp(w1-gp55-tp200-num1)-tp3-num1)-tp3-num1)-tp3-num1)-tp9-num1)-tp12-num1)-tp6-num1)-tp6-num1)-tp6-num2)-tp24-num1)
283,283,544,(w5-gp(w15-gp(w5-gp(w15-gp(w12-gp(w7-gp(w3-gp(w14-gp(w1-gp55-tp3-num1)-tp9-num1)-tp12-num1)-tp3-num1)-tp3-num1)-tp3-num1)-tp6-num1)-tp6-num1)-tp3388-num1)
284,284,50,(w1-gp(w5-gp(w11-gp(w13-gp(w12-gp(w7-gp(w12-gp(w12-gp(w1-gp55-tp200-num1)-tp3-num1)-tp3-num1)-tp3-num1)-tp9-num1)-tp6-num2)-tp6-num1)-tp6-num1)-tp1074-num1)
285,285,1479,(w1-gp(w5-gp(w2-gp(w14-gp(w3-gp(w15-gp(w2-gp(w14-gp(w3-gp(w14-gp(w1-gp55-tp3-num1)-tp9-num1)-tp0-num1)-tp3-num1)-tp3-num1)-tp15-num1)-tp6-num2)-tp6-num1)-tp6-num1)-tp9-num1)-tp658-num1)
286,286,337,(w15-gp(w1-gp(w14-gp(w1-gp(w1-gp(w1-gp(w1-gp(w1-gp(w1-gp55-tp13-num1)-tp3-num1)-tp3-num1)-tp3-num1)-tp6-num1)-tp24-num1)-tp9-num1)-tp6-num1)-tp6-num1)
287,287,1331,(w7-gp(w13-gp(w4-gp(w3-gp(w11-gp(w10-gp(w10-gp(w3-gp(w14-gp(w1-gp55-tp3-num1)-tp9-num1)-tp68-num1)-tp13-num1)-tp3-num1)-tp3-num1)-tp6-num2)-tp6-num1)-tp6-num1)-tp1346-num1)
288,288,778,(w9-gp(w9-gp(w3-gp(w13-gp(w12-gp(w1-gp(w1-gp(w1-gp(w1-gp55-tp13-num1)-tp3-num1)-tp3-num1)-tp9-num1)-tp9-num2)-tp458-num1)-tp6-num2)-tp6-num1)-tp24-num1)
289,289,1428,(w9-gp(w13-gp(w10-gp(w5-gp(w13-gp(w12-gp(w7-gp(w12-gp(w12-gp(w1-gp55-tp200-num1)-tp3-num1)-tp3-num1)-tp3-num1)-tp9-num1)-tp1085-num1)-tp6-num2)-tp6-num1)-tp6-num1)-tp1074-num1)
290,290,113,(w10-gp(w3-gp(w6-gp(w13-gp(w2-gp(w4-gp(w4-gp(w14-gp(w1-gp55-tp3-num1)-tp6-num1)-tp220-num1)-tp3-num1)-tp200-num1)-tp3-num1)-tp6-num1)-tp6-num1)-tp24-num2)
291,291,57,(w1-gp(w5-gp(w11-gp(w13-gp(w12-gp(w7-gp(w12-gp(w12-gp(w1-gp55-tp200-num1)-tp3-num1)-tp3-num1)-tp3-num1)-tp9-num1)-tp6-num2)-tp6-num1)-tp6-num1)-tp3388-num1)
292,292,814,(w1-gp(w4-gp(w9-gp(w11-gp(w12-gp(w1-gp(w1-gp(w1-gp(w1-gp(w1-gp55-tp13-num1)-tp3-num1)-tp3-num1)-tp3-num1)-tp9-num1)-tp9-num1)-tp6-num2)-tp6-num1)-tp6-num2)-tp17-num1)
293,293,1167,(w3-gp(w5-gp(w2-gp(w4-gp(w7-gp(w6-gp(w10-gp(w3-gp(w14-gp(w1-gp55-tp3-num1)-tp9-num1)-tp68-num1)-tp3-num1)-tp3-num1)-tp3-num1)-tp6-num2)-tp6-num1)-tp6-num2)-tp1353-num1)
294,294,1404,(w9-gp(w1-gp(w3-gp(w12-gp(w13-gp(w12-gp(w7-gp(w12-gp(w12-gp(w1-gp55-tp200-num1)-tp3-num1)-tp3-num1)-tp3-num1)-tp9-num1)-tp9-num2)-tp9-num1)-tp6-num2)-tp6-num1)-tp9-num1)
295,295,291,(w13-gp(w13-gp(w3-gp(w12-gp(w12-gp(w14-gp(w3-gp(w14-gp(w1-gp55-tp3-num1)-tp9-num1)-tp64-num1)-tp12-num1)-tp9-num1)-tp3-num1)-tp6-num1)-tp6-num1)-tp24-num1)
296,296,1405,(w9-gp(w1-gp(w3-gp(w4-gp(w11-gp(w10-gp(w3-gp(w3-gp(w14-gp(w1-gp55-tp3-num1)-tp9-num1)-tp36-num1)-tp3-num1)-tp3-num1)-tp3-num1)-tp6-num2)-tp6-num1)-tp6-num1)-tp6-num1)
297,297,318,(w14-gp(w15-gp(w8-gp(w13-gp(w12-gp(w1-gp(w1-gp(w1-gp(w1-gp55-tp13-num1)-tp3-num1)-tp3-num1)-tp9-num1)-tp9-num2)-tp25-num1)-tp6-num2)-tp6-num1)-tp24-num1)
298,298,371,(w15-gp(w8-gp(w8-gp(w3-gp(w14-gp(w14-gp(w3-gp(w14-gp(w1-gp55-tp3-num1)-tp9-num1)-tp0-num1)-tp15-num1)-tp3-num1)-tp9-num2)-tp6-num1)-tp6-num1)-tp2355-num1)
299,299,901,(w11-gp(w5-gp(w15-gp(w5-gp(w15-gp(w12-gp(w7-gp(w3-gp(w14-gp(w1-gp55-tp3-num1)-tp9-num1)-tp12-num1)-tp3-num1)-tp3-num1)-tp3-num1)-tp6-num1)-tp6-num1)-tp6-num1)-tp9-num1)
300,300,272,(w13-gp(w1-gp(w6-gp(w12-gp(w1-gp(w1-gp(w1-gp(w1-gp(w1-gp55-tp13-num1)-tp3-num1)-tp3-num1)-tp3-num1)-tp9-num1)-tp12-num1)-tp6-num2)-tp6-num2)-tp24-num1)
301,301,879,(w11-gp(w13-gp(w15-gp(w15-gp(w15-gp(w12-gp(w7-gp(w3-gp(w14-gp(w1-gp55-tp3-num1)-tp9-num1)-tp12-num1)-tp3-num1)-tp3-num1)-tp6-num2)-tp6-num1)-tp24-num1)-tp6-num1)-tp24-num1)
302,302,1296,(w6-gp(w3-gp(w8-gp(w5-gp(w15-gp(w12-gp(w7-gp(w3-gp(w14-gp(w1-gp55-tp3-num1)-tp9-num1)-tp12-num1)-tp3-num1)-tp3-num1)-tp3-num1)-tp6-num2)-tp6-num1)-tp658-num1)-tp6-num1)
303,303,112,(w10-gp(w2-gp(w6-gp(w13-gp(w12-gp(w7-gp(w12-gp(w12-gp(w1-gp55-tp200-num1)-tp3-num1)-tp3-num1)-tp3-num1)-tp9-num1)-tp6-num1)-tp9-num1)-tp6-num3)-tp6-num1)
304,304,377,(w15-gp(w9-gp(w1-gp(w10-gp(w11-gp(w7-gp(w12-gp(w12-gp(w1-gp55-tp200-num1)-tp3-num1)-tp6-num1)-tp17-num1)-tp3-num1)-tp3-num1)-tp6-num1)-tp6-num1)-tp24-num2)
305,305,1046,(w14-gp(w2-gp(w11-gp(w11-gp(w13-gp(w12-gp(w7-gp(w12-gp(w12-gp(w1-gp55-tp200-num1)-tp3-num1)-tp3-num1)-tp3-num1)-tp9-num1)-tp19-num1)-tp6-num2)-tp6-num1)-tp6-num1)-tp220-num1)
306,306,674,(w7-gp(w12-gp(w12-gp(w11-gp(w2-gp(w14-gp(w3-gp(w14-gp(w1-gp55-tp3-num1)-tp9-num1)-tp0-num1)-tp3-num1)-tp6-num1)-tp3-num1)-tp9-num1)-tp6-num1)-tp6-num1)
307,307,1640,(w13-gp(w13-gp(w12-gp(w6-gp(w4-gp(w15-gp(w2-gp(w14-gp(w3-gp(w14-gp(w1-gp55-tp3-num1)-tp9-num1)-tp0-num1)-tp3-num1)-tp3-num1)-tp3-num1)-tp6-num2)-tp6-num1)-tp6-num3)-tp6-num1)-tp6-num1)
308,308,1397,(w8-gp(w8-gp(w2-gp(w8-gp(w14-gp(w2-gp(w3-gp(w3-gp(w14-gp(w1-gp55-tp3-num1)-tp9-num1)-tp19-num1)-tp3-num1)-tp3-num1)-tp3-num1)-tp6-num2)-tp6-num1)-tp6-num2)-tp6-num1)
309,309,445,(w2-gp(w6-gp(w7-gp(w13-gp(w1-gp(w11-gp(w4-gp(w14-gp(w1-gp55-tp3-num1)-tp6-num1)-tp1346-num1)-tp3-num1)-tp3-num1)-tp9-num2)-tp9-num1)-tp6-num1)-tp6-num1)
310,310,1392,(w8-gp(w7-gp(w15-gp(w3-gp(w15-gp(w2-gp(w14-gp(w3-gp(w14-gp(w1-gp55-tp3-num1)-tp9-num1)-tp0-num1)-tp3-num1)-tp3-num1)-tp15-num1)-tp9-num1)-tp6-num1)-tp6-num1)-tp9-num1)
311,311,1045,(w14-gp(w2-gp(w11-gp(w11-gp(w13-gp(w12-gp(w7-gp(w12-gp(w12-gp(w1-gp55-tp200-num1)-tp3-num1)-tp3-num1)-tp3-num1)-tp9-num1)-tp19-num1)-tp6-num2)-tp6-num1)-tp6-num1)-tp17-num1)
312,312,704,(w8-gp(w11-gp(w15-gp(w13-gp(w12-gp(w7-gp(w12-gp(w12-gp(w1-gp55-tp200-num1)-tp3-num1)-tp3-num1)-tp3-num1)-tp9-num1)-tp0-num1)-tp6-num2)-tp6-num2)-tp24-num1)
313,313,707,(w8-gp(w14-gp(w13-gp(w15-gp(w8-gp(w7-gp(w3-gp(w14-gp(w1-gp55-tp3-num1)-tp9-num1)-tp12-num1)-tp9-num1)-tp12-num1)-tp3-num1)-tp9-num1)-tp6-num1)-tp6-num1)
314,314,1169,(w3-gp(w5-gp(w2-gp(w4-gp(w7-gp(w6-gp(w10-gp(w3-gp(w14-gp(w1-gp55-tp3-num1)-tp9-num1)-tp68-num1)-tp3-num1)-tp3-num1)-tp3-num1)-tp6-num2)-tp6-num1)-tp6-num2)-tp2355-num1)
315,315,1047,(w14-gp(w2-gp(w11-gp(w11-gp(w13-gp(w12-gp(w7-gp(w12-gp(w12-gp(w1-gp55-tp200-num1)-tp3-num1)-tp3-num1)-tp3-num1)-tp9-num1)-tp19-num1)-tp6-num2)-tp6-num1)-tp6-num1)-tp3388-num1)
316,316,804,(w1-gp(w15-gp(w1-gp(w14-gp(w1-gp(w1-gp(w1-gp(w1-gp(w1-gp(w1-gp55-tp13-num1)-tp3-num1)-tp3-num1)-tp3-num1)-tp6-num1)-tp24-num1)-tp9-num1)-tp6-num1)-tp6-num1)-tp1346-num1)
317,317,1870,(w5-gp(w4-gp(w12-gp(w14-gp(w8-gp(w11-gp(w10-gp(w3-gp(w3-gp(w14-gp(w1-gp55-tp3-num1)-tp9-num1)-tp36-num1)-tp3-num1)-tp3-num1)-tp9-num2)-tp6-num2)-tp6-num1)-tp6-num1)-tp9-num1)-tp4838-num1)
318,318,861,(w10-gp(w6-gp(w12-gp(w7-gp(w13-gp(w12-gp(w7-gp(w12-gp(w12-gp(w1-gp55-tp200-num1)-tp3-num1)-tp3-num1)-tp3-num1)-tp9-num1)-tp12-num1)-tp6-num1)-tp6-num1)-tp6-num1)-tp658-num1)
319,319,1475,(w1-gp(w5-gp(w2-gp(w14-gp(w3-gp(w15-gp(w2-gp(w14-gp(w3-gp(w14-gp(w1-gp55-tp3-num1)-tp9-num1)-tp0-num1)-tp3-num1)-tp3-num1)-tp15-num1)-tp6-num2)-tp6-num1)-tp6-num1)-tp9-num1)-tp1346-num1)
320,320,1661,(w13-gp(w8-gp(w5-gp(w5-gp(w15-gp(w13-gp(w12-gp(w7-gp(w12-gp(w12-gp(w1-gp55-tp200-num1)-tp3-num1)-tp3-num1)-tp3-num1)-tp9-num1)-tp0-num1)-tp9-num1)-tp6-num2)-tp6-num1)-tp6-num2)-tp6-num1)
321,321,1564,(w11-gp(w15-gp(w7-gp(w10-gp(w2-gp(w11-gp(w10-gp(w3-gp(w3-gp(w14-gp(w1-gp55-tp3-num1)-tp9-num1)-tp36-num1)-tp3-num1)-tp3-num1)-tp6-num2)-tp6-num1)-tp24-num1)-tp6-num1)-tp24-num1)-tp4838-num1)
322,322,820,(w1-gp(w5-gp(w2-gp(w4-gp(w7-gp(w6-gp(w10-gp(w3-gp(w14-gp(w1-gp55-tp3-num1)-tp9-num1)-tp68-num1)-tp3-num1)-tp3-num1)-tp3-num1)-tp6-num2)-tp6-num1)-tp6889-num1)-tp6-num1)
323,323,1337,(w7-gp(w15-gp(w13-gp(w9-gp(w1-gp(w3-gp(w15-gp(w3-gp(w14-gp(w1-gp55-tp3-num1)-tp9-num1)-tp458-num1)-tp200-num1)-tp3-num1)-tp3-num1)-tp6-num2)-tp6-num1)-tp6-num1)-tp658-num1)
324,324,1037,(w14-gp(w12-gp(w2-gp(w3-gp(w11-gp(w12-gp(w7-gp(w3-gp(w14-gp(w1-gp55-tp3-num1)-tp9-num1)-tp12-num1)-tp15-num1)-tp3-num1)-tp3-num1)-tp9-num1)-tp6-num1)-tp220-num1)-tp6-num1)
325,325,1576,(w11-gp(w4-gp(w14-gp(w3-gp(w8-gp(w9-gp(w1-gp(w9-gp(w14-gp(w14-gp(w1-gp55-tp3-num1)-tp3-num1)-tp64-num1)-tp3-num1)-tp3-num1)-tp3-num1)-tp9-num1)-tp6-num1)-tp6-num2)-tp6-num2)-tp68-num1)
326,326,776,(w9-gp(w8-gp(w6-gp(w15-gp(w12-gp(w7-gp(w3-gp(w14-gp(w1-gp55-tp3-num1)-tp9-num1)-tp12-num1)-tp3-num1)-tp3-num1)-tp9-num2)-tp9-num1)-tp6-num1)-tp6-num3)
327,327,62,(w1-gp(w5-gp(w12-gp(w15-gp(w2-gp(w4-gp(w4-gp(w14-gp(w1-gp55-tp3-num1)-tp6-num1)-tp220-num1)-tp3-num1)-tp3-num1)-tp9-num2)-tp9-num1)-tp6-num1)-tp6-num1)
328,328,136,(w11-gp(w10-gp(w2-gp(w4-gp(w1-gp(w14-gp(w3-gp(w14-gp(w1-gp55-tp3-num1)-tp9-num1)-tp25-num1)-tp3-num1)-tp3-num1)-tp9-num1)-tp6-num2)-tp6-num1)-tp6-num1)
329,329,453,(w3-gp(w7-gp(w13-gp(w6-gp(w4-gp(w4-gp(w3-gp(w14-gp(w1-gp55-tp3-num1)-tp9-num1)-tp1085-num1)-tp15-num1)-tp3-num1)-tp9-num1)-tp6-num1)-tp6-num1)-tp1074-num1)
330,330,1813,(w3-gp(w7-gp(w12-gp(w4-gp(w11-gp(w14-gp(w12-gp(w7-gp(w3-gp(w14-gp(w1-gp55-tp3-num1)-tp9-num1)-tp12-num1)-tp3-num1)-tp6-num1)-tp6-num1)-tp9-num1)-tp3-num1)-tp6-num1)-tp17-num1)-tp24-num1)
331,331,1563,(w11-gp(w15-gp(w7-gp(w10-gp(w2-gp(w11-gp(w10-gp(w3-gp(w3-gp(w14-gp(w1-gp55-tp3-num1)-tp9-num1)-tp36-num1)-tp3-num1)-tp3-num1)-tp6-num2)-tp6-num1)-tp24-num1)-tp6-num1)-tp24-num1)-tp17-num1)
332,332,706,(w8-gp(w13-gp(w8-gp(w14-gp(w1-gp(w9-gp(w14-gp(w14-gp(w1-gp55-tp3-num1)-tp3-num1)-tp64-num1)-tp3-num1)-tp6-num1)-tp6-num2)-tp9-num1)-tp24-num1)-tp6-num1)
333,333,851,(w10-gp(w5-gp(w2-gp(w4-gp(w7-gp(w6-gp(w10-gp(w3-gp(w14-gp(w1-gp55-tp3-num1)-tp9-num1)-tp68-num1)-tp3-num1)-tp3-num1)-tp3-num1)-tp6-num2)-tp6-num1)-tp2780-num1)-tp6-num1)
334,334,1063,(w14-gp(w5-gp(w2-gp(w4-gp(w7-gp(w6-gp(w10-gp(w3-gp(w14-gp(w1-gp55-tp3-num1)-tp9-num1)-tp68-num1)-tp3-num1)-tp3-num1)-tp3-num1)-tp6-num2)-tp6-num1)-tp9463-num1)-tp6-num1)
335,335,351,(w15-gp(w13-gp(w5-gp(w13-gp(w1-gp(w11-gp(w4-gp(w14-gp(w1-gp55-tp3-num1)-tp6-num1)-tp1346-num1)-tp3-num1)-tp3-num1)-tp200-num1)-tp6-num1)-tp6-num1)-tp24-num2)
336,336,935,(w12-gp(w14-gp(w10-gp(w10-gp(w12-gp(w2-gp(w3-gp(w3-gp(w14-gp(w1-gp55-tp3-num1)-tp9-num1)-tp19-num1)-tp3-num1)-tp64-num1)-tp3-num1)-tp6-num1)-tp6-num3)-tp6-num1)-tp24-num1)
337,337,532,(w5-gp(w13-gp(w8-gp(w14-gp(w1-gp(w9-gp(w14-gp(w14-gp(w1-gp55-tp3-num1)-tp3-num1)-tp64-num1)-tp3-num1)-tp6-num1)-tp6-num2)-tp9-num1)-tp6-num1)-tp17-num1)
338,338,1469,(w1-gp(w2-gp(w12-gp(w1-gp(w1-gp(w1-gp(w1-gp(w1-gp(w1-gp(w1-gp(w1-gp55-tp13-num1)-tp3-num1)-tp3-num1)-tp3-num1)-tp3-num1)-tp3-num1)-tp9-num1)-tp6-num1)-tp6-num1)-tp9-num1)-tp458-num1)
339,339,1480,(w1-gp(w5-gp(w2-gp(w14-gp(w3-gp(w15-gp(w2-gp(w14-gp(w3-gp(w14-gp(w1-gp55-tp3-num1)-tp9-num1)-tp0-num1)-tp3-num1)-tp3-num1)-tp15-num1)-tp6-num2)-tp6-num1)-tp6-num1)-tp9-num1)-tp690-num1)
340,340,1062,(w14-gp(w5-gp(w2-gp(w4-gp(w7-gp(w6-gp(w10-gp(w3-gp(w14-gp(w1-gp55-tp3-num1)-tp9-num1)-tp68-num1)-tp3-num1)-tp3-num1)-tp3-num1)-tp6-num2)-tp6-num1)-tp105-num1)-tp6-num1)
341,341,1919,(w7-gp(w14-gp(w2-gp(w13-gp(w6-gp(w15-gp(w12-gp(w7-gp(w3-gp(w14-gp(w1-gp55-tp3-num1)-tp9-num1)-tp12-num1)-tp3-num1)-tp3-num1)-tp9-num2)-tp6-num3)-tp6-num1)-tp6-num1)-tp9-num1)-tp17-num1)
342,342,1097,(w15-gp(w7-gp(w10-gp(w2-gp(w11-gp(w10-gp(w3-gp(w3-gp(w14-gp(w1-gp55-tp3-num1)-tp9-num1)-tp36-num1)-tp3-num1)-tp3-num1)-tp6-num2)-tp6-num1)-tp24-num1)-tp6-num1)-tp24-num1)
343,343,943,(w12-gp(w3-gp(w10-gp(w15-gp(w13-gp(w12-gp(w7-gp(w12-gp(w12-gp(w1-gp55-tp200-num1)-tp3-num1)-tp3-num1)-tp3-num1)-tp9-num1)-tp0-num1)-tp6-num1)-tp6-num1)-tp6-num1)-tp2355-num1)
344,344,61,(w1-gp(w5-gp(w11-gp(w13-gp(w12-gp(w7-gp(w12-gp(w12-gp(w1-gp55-tp200-num1)-tp3-num1)-tp3-num1)-tp3-num1)-tp9-num1)-tp6-num2)-tp6-num1)-tp6-num1)-tp767-num1)
345,345,17,(w1-gp(w11-gp(w14-gp(w7-gp(w6-gp(w10-gp(w3-gp(w14-gp(w1-gp55-tp3-num1)-tp9-num1)-tp68-num1)-tp3-num1)-tp3-num1)-tp9-num2)-tp6-num1)-tp6-num2)-tp1346-num1)
346,346,755,(w9-gp(w10-gp(w8-gp(w11-gp(w10-gp(w3-gp(w3-gp(w14-gp(w1-gp55-tp3-num1)-tp9-num1)-tp36-num1)-tp3-num1)-tp3-num1)-tp9-num2)-tp6-num1)-tp6-num2)-tp5230-num1)
347,347,758,(w9-gp(w10-gp(w8-gp(w11-gp(w10-gp(w3-gp(w3-gp(w14-gp(w1-gp55-tp3-num1)-tp9-num1)-tp36-num1)-tp3-num1)-tp3-num1)-tp9-num2)-tp6-num1)-tp6-num2)-tp658-num1)
348,348,1476,(w1-gp(w5-gp(w2-gp(w14-gp(w3-gp(w15-gp(w2-gp(w14-gp(w3-gp(w14-gp(w1-gp55-tp3-num1)-tp9-num1)-tp0-num1)-tp3-num1)-tp3-num1)-tp15-num1)-tp6-num2)-tp6-num1)-tp6-num1)-tp9-num1)-tp2965-num1)
349,349,139,(w11-gp(w11-gp(w14-gp(w15-gp(w1-gp(w9-gp(w14-gp(w14-gp(w1-gp55-tp3-num1)-tp3-num1)-tp64-num1)-tp3-num1)-tp9-num1)-tp0-num1)-tp6-num2)-tp6-num1)-tp24-num1)
350,350,1386,(w8-gp(w6-gp(w15-gp(w15-gp(w15-gp(w12-gp(w7-gp(w3-gp(w14-gp(w1-gp55-tp3-num1)-tp9-num1)-tp12-num1)-tp3-num1)-tp3-num1)-tp6-num2)-tp6-num1)-tp6-num1)-tp6-num1)-tp6-num1)
351,351,995,(w13-gp(w3-gp(w8-gp(w5-gp(w15-gp(w12-gp(w7-gp(w3-gp(w14-gp(w1-gp55-tp3-num1)-tp9-num1)-tp12-num1)-tp3-num1)-tp3-num1)-tp3-num1)-tp6-num2)-tp6-num1)-tp1166-num1)-tp6-num1)
352,352,1232,(w4-gp(w3-gp(w8-gp(w5-gp(w15-gp(w12-gp(w7-gp(w3-gp(w14-gp(w1-gp55-tp3-num1)-tp9-num1)-tp12-num1)-tp3-num1)-tp3-num1)-tp3-num1)-tp6-num2)-tp6-num1)-tp6787-num1)-tp6-num1)
353,353,1134,(w2-gp(w3-gp(w8-gp(w5-gp(w15-gp(w12-gp(w7-gp(w3-gp(w14-gp(w1-gp55-tp3-num1)-tp9-num1)-tp12-num1)-tp3-num1)-tp3-num1)-tp3-num1)-tp6-num2)-tp6-num1)-tp3242-num1)-tp6-num1)
354,354,1433,(w9-gp(w2-gp(w10-gp(w6-gp(w14-gp(w6-gp(w10-gp(w3-gp(w14-gp(w1-gp55-tp3-num1)-tp9-num1)-tp68-num1)-tp3-num1)-tp64-num1)-tp3-num1)-tp6-num2)-tp6-num1)-tp6-num1)-tp2780-num1)
355,355,360,(w15-gp(w15-gp(w13-gp(w15-gp(w8-gp(w7-gp(w3-gp(w14-gp(w1-gp55-tp3-num1)-tp9-num1)-tp12-num1)-tp9-num1)-tp12-num1)-tp3-num1)-tp6-num1)-tp6-num1)-tp24-num1)
356,356,192,(w12-gp(w10-gp(w6-gp(w10-gp(w1-gp(w12-gp(w1-gp(w1-gp(w1-gp55-tp13-num1)-tp3-num1)-tp9-num1)-tp25-num1)-tp3-num1)-tp3-num1)-tp6-num2)-tp6-num1)-tp24-num1)
357,357,79,(w1-gp(w9-gp(w4-gp(w15-gp(w2-gp(w14-gp(w3-gp(w14-gp(w1-gp55-tp3-num1)-tp9-num1)-tp0-num1)-tp3-num1)-tp3-num1)-tp3-num1)-tp9-num1)-tp6-num1)-tp658-num1)
358,358,813,(w1-gp(w4-gp(w9-gp(w11-gp(w12-gp(w1-gp(w1-gp(w1-gp(w1-gp(w1-gp55-tp13-num1)-tp3-num1)-tp3-num1)-tp3-num1)-tp9-num1)-tp9-num1)-tp6-num2)-tp6-num1)-tp6-num2)-tp1346-num1)
359,359,942,(w12-gp(w3-gp(w10-gp(w15-gp(w13-gp(w12-gp(w7-gp(w12-gp(w12-gp(w1-gp55-tp200-num1)-tp3-num1)-tp3-num1)-tp3-num1)-tp9-num1)-tp0-num1)-tp6-num1)-tp6-num1)-tp6-num1)-tp1346-num1)
360,360,1975,(w9-gp(w1-gp(w11-gp(w4-gp(w8-gp(w15-gp(w15-gp(w1-gp(w1-gp(w1-gp(w1-gp55-tp13-num1)-tp3-num1)-tp6-num1)-tp6-num1)-tp3-num1)-tp9-num2)-tp9-num1)-tp6-num1)-tp6-num1)-tp9-num1)-tp36-num1)
361,361,416,(w2-gp(w14-gp(w3-gp(w15-gp(w2-gp(w14-gp(w3-gp(w14-gp(w1-gp55-tp3-num1)-tp9-num1)-tp0-num1)-tp3-num1)-tp3-num1)-tp15-num1)-tp6-num2)-tp6-num1)-tp6-num3)
362,362,911,(w11-gp(w5-gp(w9-gp(w1-gp(w12-gp(w1-gp(w1-gp(w1-gp(w1-gp(w1-gp55-tp13-num1)-tp3-num1)-tp3-num1)-tp3-num1)-tp9-num1)-tp19-num1)-tp6-num1)-tp6-num1)-tp6-num1)-tp1353-num1)
363,363,1157,(w3-gp(w11-gp(w13-gp(w11-gp(w11-gp(w10-gp(w3-gp(w3-gp(w14-gp(w1-gp55-tp3-num1)-tp9-num1)-tp36-num1)-tp3-num1)-tp3-num1)-tp13-num1)-tp6-num2)-tp6-num1)-tp6-num1)-tp17-num1)
364,364,1536,(w10-gp(w6-gp(w10-gp(w12-gp(w14-gp(w7-gp(w6-gp(w10-gp(w3-gp(w14-gp(w1-gp55-tp3-num1)-tp9-num1)-tp68-num1)-tp3-num1)-tp3-num1)-tp9-num2)-tp6-num2)-tp6-num1)-tp6-num1)-tp9-num1)-tp658-num1)
365,365,601,(w6-gp(w11-gp(w13-gp(w5-gp(w9-gp(w15-gp(w3-gp(w14-gp(w1-gp55-tp3-num1)-tp9-num1)-tp458-num1)-tp3-num1)-tp3-num1)-tp9-num1)-tp6-num1)-tp6-num1)-tp6889-num1)
366,366,619,(w6-gp(w4-gp(w2-gp(w13-gp(w12-gp(w7-gp(w12-gp(w12-gp(w1-gp55-tp200-num1)-tp3-num1)-tp3-num1)-tp3-num1)-tp9-num1)-tp25-num1)-tp6-num2)-tp6-num2)-tp24-num1)
367,367,359,(w15-gp(w14-gp(w7-gp(w13-gp(w12-gp(w7-gp(w12-gp(w12-gp(w1-gp55-tp200-num1)-tp3-num1)-tp3-num1)-tp3-num1)-tp9-num1)-tp12-num1)-tp9-num1)-tp6-num2)-tp6-num1)
368,368,531,(w5-gp(w12-gp(w2-gp(w11-gp(w12-gp(w7-gp(w3-gp(w14-gp(w1-gp55-tp3-num1)-tp9-num1)-tp12-num1)-tp15-num1)-tp3-num1)-tp9-num1)-tp9-num1)-tp6-num1)-tp6-num3)
369,369,1601,(w12-gp(w11-gp(w13-gp(w15-gp(w15-gp(w15-gp(w12-gp(w7-gp(w3-gp(w14-gp(w1-gp55-tp3-num1)-tp9-num1)-tp12-num1)-tp3-num1)-tp3-num1)-tp6-num2)-tp6-num1)-tp24-num1)-tp6-num1)-tp6-num1)-tp9-num1)
370,370,856,(w10-gp(w6-gp(w12-gp(w7-gp(w13-gp(w12-gp(w7-gp(w12-gp(w12-gp(w1-gp55-tp200-num1)-tp3-num1)-tp3-num1)-tp3-num1)-tp9-num1)-tp12-num1)-tp6-num1)-tp6-num1)-tp6-num1)-tp1353-num1)
371,371,1567,(w11-gp(w15-gp(w7-gp(w10-gp(w2-gp(w11-gp(w10-gp(w3-gp(w3-gp(w14-gp(w1-gp55-tp3-num1)-tp9-num1)-tp36-num1)-tp3-num1)-tp3-num1)-tp6-num2)-tp6-num1)-tp24-num1)-tp6-num1)-tp24-num1)-tp658-num1)
372,372,1638,(w13-gp(w12-gp(w3-gp(w10-gp(w15-gp(w13-gp(w12-gp(w7-gp(w12-gp(w12-gp(w1-gp55-tp200-num1)-tp3-num1)-tp3-num1)-tp3-num1)-tp9-num1)-tp0-num1)-tp6-num1)-tp6-num1)-tp6-num1)-tp6-num1)-tp6-num1)
373,373,189,(w12-gp(w10-gp(w4-gp(w14-gp(w7-gp(w12-gp(w4-gp(w14-gp(w1-gp55-tp3-num1)-tp6-num1)-tp3388-num1)-tp3-num1)-tp3-num1)-tp200-num1)-tp6-num1)-tp6-num1)-tp24-num2)
374,374,688,(w7-gp(w8-gp(w2-gp(w11-gp(w10-gp(w3-gp(w3-gp(w14-gp(w1-gp55-tp3-num1)-tp9-num1)-tp36-num1)-tp3-num1)-tp3-num1)-tp6-num2)-tp9-num1)-tp24-num1)-tp6-num1)
375,375,687,(w7-gp(w6-gp(w8-gp(w13-gp(w12-gp(w1-gp(w1-gp(w1-gp(w1-gp55-tp13-num1)-tp3-num1)-tp3-num1)-tp9-num1)-tp9-num2)-tp19-num1)-tp6-num2)-tp6-num1)-tp24-num1)
376,376,517,(w5-gp(w11-gp(w7-gp(w12-gp(w2-gp(w10-gp(w4-gp(w14-gp(w1-gp55-tp3-num1)-tp6-num1)-tp767-num1)-tp3-num1)-tp200-num1)-tp3-num1)-tp6-num1)-tp6-num1)-tp24-num2)
377,377,1043,(w14-gp(w2-gp(w11-gp(w11-gp(w13-gp(w12-gp(w7-gp(w12-gp(w12-gp(w1-gp55-tp200-num1)-tp3-num1)-tp3-num1)-tp3-num1)-tp9-num1)-tp19-num1)-tp6-num2)-tp6-num1)-tp6-num1)-tp1346-num1)
378,378,368,(w15-gp(w8-gp(w8-gp(w3-gp(w14-gp(w14-gp(w3-gp(w14-gp(w1-gp55-tp3-num1)-tp9-num1)-tp0-num1)-tp15-num1)-tp3-num1)-tp9-num2)-tp6-num1)-tp6-num1)-tp1346-num1)
379,379,1261,(w5-gp(w12-gp(w6-gp(w4-gp(w15-gp(w2-gp(w14-gp(w3-gp(w14-gp(w1-gp55-tp3-num1)-tp9-num1)-tp0-num1)-tp3-num1)-tp3-num1)-tp3-num1)-tp6-num2)-tp6-num1)-tp767-num1)-tp6-num1)
380,380,0,(w1-gp(w1-gp(w1-gp(w1-gp(w1-gp(w1-gp(w1-gp(w1-gp(w1-gp55-tp13-num1)-tp3-num1)-tp3-num1)-tp3-num1)-tp3-num1)-tp3-num1)-tp6-num1)-tp6-num1)-tp6-num1)
381,381,801,(w1-gp(w12-gp(w6-gp(w4-gp(w15-gp(w2-gp(w14-gp(w3-gp(w14-gp(w1-gp55-tp3-num1)-tp9-num1)-tp0-num1)-tp3-num1)-tp3-num1)-tp3-num1)-tp6-num2)-tp6-num1)-tp17-num1)-tp6-num1)
382,382,1211,(w4-gp(w12-gp(w8-gp(w4-gp(w4-gp(w1-gp(w14-gp(w3-gp(w14-gp(w1-gp55-tp3-num1)-tp9-num1)-tp25-num1)-tp3-num1)-tp3-num1)-tp3-num1)-tp6-num2)-tp6-num1)-tp17-num1)-tp6-num1)
383,383,1044,(w14-gp(w2-gp(w11-gp(w11-gp(w13-gp(w12-gp(w7-gp(w12-gp(w12-gp(w1-gp55-tp200-num1)-tp3-num1)-tp3-num1)-tp3-num1)-tp9-num1)-tp19-num1)-tp6-num2)-tp6-num1)-tp6-num1)-tp1353-num1)
384,384,454,(w3-gp(w7-gp(w13-gp(w6-gp(w4-gp(w4-gp(w3-gp(w14-gp(w1-gp55-tp3-num1)-tp9-num1)-tp1085-num1)-tp15-num1)-tp3-num1)-tp9-num1)-tp6-num1)-tp6-num1)-tp6-num1)
385,385,1158,(w3-gp(w11-gp(w13-gp(w11-gp(w11-gp(w10-gp(w3-gp(w3-gp(w14-gp(w1-gp55-tp3-num1)-tp9-num1)-tp36-num1)-tp3-num1)-tp3-num1)-tp13-num1)-tp6-num2)-tp6-num1)-tp6-num1)-tp6-num1)
386,386,1491,(w1-gp(w8-gp(w5-gp(w3-gp(w12-gp(w13-gp(w12-gp(w7-gp(w12-gp(w12-gp(w1-gp55-tp200-num1)-tp3-num1)-tp3-num1)-tp3-num1)-tp9-num1)-tp9-num2)-tp9-num1)-tp6-num1)-tp6-num1)-tp9-num1)-tp12-num1)
387,387,132,(w11-gp(w1-gp(w5-gp(w15-gp(w12-gp(w7-gp(w3-gp(w14-gp(w1-gp55-tp3-num1)-tp9-num1)-tp12-num1)-tp3-num1)-tp3-num1)-tp3-num1)-tp9-num1)-tp6-num1)-tp6-num3)
388,388,452,(w3-gp(w4-gp(w15-gp(w13-gp(w12-gp(w1-gp(w1-gp(w1-gp(w1-gp55-tp13-num1)-tp3-num1)-tp3-num1)-tp9-num1)-tp9-num2)-tp0-num1)-tp6-num2)-tp6-num1)-tp24-num1)
389,389,123,(w10-gp(w8-gp(w4-gp(w13-gp(w12-gp(w1-gp(w1-gp(w1-gp(w1-gp55-tp13-num1)-tp3-num1)-tp3-num1)-tp9-num1)-tp9-num2)-tp68-num1)-tp6-num2)-tp6-num1)-tp24-num1)
390,390,160,(w11-gp(w3-gp(w2-gp(w2-gp(w6-gp(w15-gp(w3-gp(w14-gp(w1-gp55-tp3-num1)-tp9-num1)-tp458-num1)-tp15-num1)-tp3-num1)-tp9-num1)-tp6-num1)-tp6-num1)-tp658-num1)
391,391,256,(w12-gp(w8-gp(w4-gp(w4-gp(w1-gp(w14-gp(w3-gp(w14-gp(w1-gp55-tp3-num1)-tp9-num1)-tp25-num1)-tp3-num1)-tp3-num1)-tp3-num1)-tp6-num2)-tp6-num1)-tp6-num2)
392,392,559,(w5-gp(w2-gp(w4-gp(w7-gp(w6-gp(w10-gp(w3-gp(w14-gp(w1-gp55-tp3-num1)-tp9-num1)-tp68-num1)-tp3-num1)-tp3-num1)-tp3-num1)-tp6-num2)-tp6-num1)-tp6-num1)
393,393,158,(w11-gp(w3-gp(w2-gp(w2-gp(w6-gp(w15-gp(w3-gp(w14-gp(w1-gp55-tp3-num1)-tp9-num1)-tp458-num1)-tp15-num1)-tp3-num1)-tp9-num1)-tp6-num1)-tp6-num1)-tp1346-num1)
394,394,514,(w5-gp(w10-gp(w4-gp(w11-gp(w10-gp(w3-gp(w3-gp(w14-gp(w1-gp55-tp3-num1)-tp9-num1)-tp36-num1)-tp3-num1)-tp3-num1)-tp3-num1)-tp9-num1)-tp6-num1)-tp6-num1)
395,395,1332,(w7-gp(w13-gp(w4-gp(w3-gp(w11-gp(w10-gp(w10-gp(w3-gp(w14-gp(w1-gp55-tp3-num1)-tp9-num1)-tp68-num1)-tp13-num1)-tp3-num1)-tp3-num1)-tp6-num2)-tp6-num1)-tp6-num1)-tp17-num1)
396,396,1669,(w14-gp(w11-gp(w13-gp(w15-gp(w15-gp(w15-gp(w12-gp(w7-gp(w3-gp(w14-gp(w1-gp55-tp3-num1)-tp9-num1)-tp12-num1)-tp3-num1)-tp3-num1)-tp6-num2)-tp6-num1)-tp24-num1)-tp6-num1)-tp1353-num1)-tp24-num1)
397,397,934,(w12-gp(w12-gp(w8-gp(w4-gp(w4-gp(w1-gp(w14-gp(w3-gp(w14-gp(w1-gp55-tp3-num1)-tp9-num1)-tp25-num1)-tp3-num1)-tp3-num1)-tp3-num1)-tp6-num2)-tp6-num1)-tp1353-num1)-tp6-num1)
398,398,352,(w15-gp(w13-gp(w8-gp(w3-gp(w14-gp(w14-gp(w3-gp(w14-gp(w1-gp55-tp3-num1)-tp9-num1)-tp0-num1)-tp15-num1)-tp3-num1)-tp9-num2)-tp9-num1)-tp6-num1)-tp6-num1)
399,399,1260,(w5-gp(w12-gp(w6-gp(w4-gp(w15-gp(w2-gp(w14-gp(w3-gp(w14-gp(w1-gp55-tp3-num1)-tp9-num1)-tp0-num1)-tp3-num1)-tp3-num1)-tp3-num1)-tp6-num2)-tp6-num1)-tp1353-num1)-tp6-num1)
400,400,18,(w1-gp(w11-gp(w14-gp(w7-gp(w6-gp(w10-gp(w3-gp(w14-gp(w1-gp55-tp3-num1)-tp9-num1)-tp68-num1)-tp3-num1)-tp3-num1)-tp9-num2)-tp6-num1)-tp6-num2)-tp1353-num1)
401,401,375,(w15-gp(w8-gp(w8-gp(w3-gp(w14-gp(w14-gp(w3-gp(w14-gp(w1-gp55-tp3-num1)-tp9-num1)-tp0-num1)-tp15-num1)-tp3-num1)-tp9-num2)-tp6-num1)-tp6-num1)-tp690-num1)
402,402,1340,(w7-gp(w3-gp(w8-gp(w5-gp(w15-gp(w12-gp(w7-gp(w3-gp(w14-gp(w1-gp55-tp3-num1)-tp9-num1)-tp12-num1)-tp3-num1)-tp3-num1)-tp3-num1)-tp6-num2)-tp6-num1)-tp6-num2)-tp6-num1)
403,403,747,(w8-gp(w8-gp(w6-gp(w7-gp(w6-gp(w10-gp(w3-gp(w14-gp(w1-gp55-tp3-num1)-tp9-num1)-tp68-num1)-tp3-num1)-tp3-num1)-tp6-num2)-tp9-num1)-tp24-num1)-tp6-num1)
404,404,166,(w11-gp(w8-gp(w15-gp(w13-gp(w12-gp(w1-gp(w1-gp(w1-gp(w1-gp55-tp13-num1)-tp3-num1)-tp3-num1)-tp9-num1)-tp9-num2)-tp0-num1)-tp9-num1)-tp6-num1)-tp6-num1)
405,405,1939,(w8-gp(w11-gp(w13-gp(w15-gp(w15-gp(w15-gp(w12-gp(w7-gp(w3-gp(w14-gp(w1-gp55-tp3-num1)-tp9-num1)-tp12-num1)-tp3-num1)-tp3-num1)-tp6-num2)-tp6-num1)-tp24-num1)-tp6-num1)-tp24-num1)-tp3388-num1)
406,406,683,(w7-gp(w15-gp(w2-gp(w12-gp(w1-gp(w1-gp(w1-gp(w1-gp(w1-gp55-tp13-num1)-tp3-num1)-tp3-num1)-tp3-num1)-tp9-num1)-tp0-num1)-tp6-num2)-tp6-num4)-tp6-num2)
407,407,372,(w15-gp(w8-gp(w8-gp(w3-gp(w14-gp(w14-gp(w3-gp(w14-gp(w1-gp55-tp3-num1)-tp9-num1)-tp0-num1)-tp15-num1)-tp3-num1)-tp9-num2)-tp6-num1)-tp6-num1)-tp2965-num1)
408,408,53,(w1-gp(w5-gp(w11-gp(w13-gp(w12-gp(w7-gp(w12-gp(w12-gp(w1-gp55-tp200-num1)-tp3-num1)-tp3-num1)-tp3-num1)-tp9-num1)-tp6-num2)-tp6-num1)-tp6-num1)-tp17-num1)
409,409,754,(w9-gp(w10-gp(w8-gp(w11-gp(w10-gp(w3-gp(w3-gp(w14-gp(w1-gp55-tp3-num1)-tp9-num1)-tp36-num1)-tp3-num1)-tp3-num1)-tp9-num2)-tp6-num1)-tp6-num2)-tp4838-num1)
410,410,1000,(w13-gp(w8-gp(w2-gp(w8-gp(w14-gp(w2-gp(w3-gp(w3-gp(w14-gp(w1-gp55-tp3-num1)-tp9-num1)-tp19-num1)-tp3-num1)-tp3-num1)-tp3-num1)-tp6-num2)-tp6-num1)-tp1346-num1)-tp6-num1)
411,411,535,(w5-gp(w13-gp(w8-gp(w14-gp(w1-gp(w9-gp(w14-gp(w14-gp(w1-gp55-tp3-num1)-tp3-num1)-tp64-num1)-tp3-num1)-tp6-num1)-tp6-num2)-tp9-num1)-tp6-num1)-tp6-num1)
412,412,1264,(w5-gp(w14-gp(w14-gp(w15-gp(w14-gp(w2-gp(w3-gp(w3-gp(w14-gp(w1-gp55-tp3-num1)-tp9-num1)-tp19-num1)-tp3-num1)-tp3-num1)-tp15-num1)-tp6-num2)-tp6-num1)-tp6-num2)-tp6-num1)
413,413,165,(w11-gp(w5-gp(w11-gp(w13-gp(w14-gp(w14-gp(w3-gp(w14-gp(w1-gp55-tp3-num1)-tp9-num1)-tp64-num1)-tp9-num1)-tp3-num1)-tp3-num1)-tp6-num1)-tp6-num1)-tp17-num1)
414,414,1714,(w15-gp(w14-gp(w10-gp(w12-gp(w14-gp(w7-gp(w6-gp(w10-gp(w3-gp(w14-gp(w1-gp55-tp3-num1)-tp9-num1)-tp68-num1)-tp3-num1)-tp3-num1)-tp9-num2)-tp6-num2)-tp6-num1)-tp17-num1)-tp6-num1)-tp6-num1)
415,415,676,(w7-gp(w13-gp(w14-gp(w13-gp(w12-gp(w1-gp(w1-gp(w1-gp(w1-gp55-tp13-num1)-tp3-num1)-tp3-num1)-tp9-num1)-tp9-num2)-tp36-num1)-tp6-num2)-tp6-num1)-tp24-num1)
416,416,618,(w6-gp(w2-gp(w14-gp(w13-gp(w12-gp(w1-gp(w1-gp(w1-gp(w1-gp55-tp13-num1)-tp3-num1)-tp3-num1)-tp9-num1)-tp9-num2)-tp36-num1)-tp9-num1)-tp6-num1)-tp6-num1)
417,417,363,(w15-gp(w4-gp(w12-gp(w1-gp(w10-gp(w3-gp(w3-gp(w14-gp(w1-gp55-tp3-num1)-tp9-num1)-tp36-num1)-tp200-num1)-tp3-num1)-tp3-num1)-tp6-num2)-tp6-num2)-tp24-num1)
418,418,1521,(w10-gp(w4-gp(w12-gp(w14-gp(w8-gp(w11-gp(w10-gp(w3-gp(w3-gp(w14-gp(w1-gp55-tp3-num1)-tp9-num1)-tp36-num1)-tp3-num1)-tp3-num1)-tp9-num2)-tp6-num2)-tp6-num1)-tp6-num2)-tp6-num2)-tp6-num2)
419,419,353,(w15-gp(w13-gp(w8-gp(w3-gp(w14-gp(w14-gp(w3-gp(w14-gp(w1-gp55-tp3-num1)-tp9-num1)-tp0-num1)-tp15-num1)-tp3-num1)-tp9-num2)-tp9-num1)-tp6-num1)-tp6-num2)
420,420,1649,(w13-gp(w2-gp(w2-gp(w13-gp(w6-gp(w15-gp(w12-gp(w7-gp(w3-gp(w14-gp(w1-gp55-tp3-num1)-tp9-num1)-tp12-num1)-tp3-num1)-tp3-num1)-tp9-num2)-tp6-num3)-tp6-num1)-tp6-num2)-tp6-num1)-tp220-num1)
421,421,762,(w9-gp(w13-gp(w12-gp(w7-gp(w15-gp(w13-gp(w4-gp(w14-gp(w1-gp55-tp3-num1)-tp6-num1)-tp658-num1)-tp3-num1)-tp3-num1)-tp9-num2)-tp9-num1)-tp6-num1)-tp6-num1)
422,422,163,(w11-gp(w4-gp(w3-gp(w11-gp(w10-gp(w10-gp(w3-gp(w14-gp(w1-gp55-tp3-num1)-tp9-num1)-tp68-num1)-tp13-num1)-tp3-num1)-tp3-num1)-tp6-num2)-tp6-num2)-tp24-num1)
423,423,980,(w13-gp(w14-gp(w15-gp(w2-gp(w12-gp(w1-gp(w1-gp(w1-gp(w1-gp(w1-gp55-tp13-num1)-tp3-num1)-tp3-num1)-tp3-num1)-tp9-num1)-tp0-num1)-tp6-num2)-tp6-num1)-tp6-num1)-tp658-num1)
424,424,45,(w1-gp(w3-gp(w4-gp(w11-gp(w10-gp(w3-gp(w3-gp(w14-gp(w1-gp55-tp3-num1)-tp9-num1)-tp36-num1)-tp3-num1)-tp3-num1)-tp3-num1)-tp6-num2)-tp6-num1)-tp6-num2)
425,425,978,(w13-gp(w14-gp(w15-gp(w2-gp(w12-gp(w1-gp(w1-gp(w1-gp(w1-gp(w1-gp55-tp13-num1)-tp3-num1)-tp3-num1)-tp3-num1)-tp9-num1)-tp0-num1)-tp6-num2)-tp6-num1)-tp6-num1)-tp1346-num1)
426,426,698,(w8-gp(w11-gp(w11-gp(w13-gp(w12-gp(w7-gp(w12-gp(w12-gp(w1-gp55-tp200-num1)-tp3-num1)-tp3-num1)-tp3-num1)-tp9-num1)-tp19-num1)-tp6-num2)-tp6-num2)-tp24-num1)
427,427,1566,(w11-gp(w15-gp(w7-gp(w10-gp(w2-gp(w11-gp(w10-gp(w3-gp(w3-gp(w14-gp(w1-gp55-tp3-num1)-tp9-num1)-tp36-num1)-tp3-num1)-tp3-num1)-tp6-num2)-tp6-num1)-tp24-num1)-tp6-num1)-tp24-num1)-tp6-num1)
428,428,1823,(w4-gp(w13-gp(w12-gp(w7-gp(w12-gp(w13-gp(w12-gp(w1-gp(w1-gp(w1-gp(w1-gp55-tp13-num1)-tp3-num1)-tp3-num1)-tp9-num1)-tp9-num2)-tp6-num1)-tp9-num1)-tp6-num1)-tp6-num1)-tp9-num1)-tp12-num1)
429,429,1248,(w4-gp(w9-gp(w8-gp(w9-gp(w13-gp(w12-gp(w1-gp(w1-gp(w1-gp(w1-gp55-tp13-num1)-tp3-num1)-tp3-num1)-tp9-num1)-tp9-num1)-tp12-num1)-tp9-num1)-tp6-num1)-tp6-num1)-tp17-num1)
430,430,305,(w14-gp(w12-gp(w8-gp(w13-gp(w12-gp(w1-gp(w1-gp(w1-gp(w1-gp55-tp13-num1)-tp3-num1)-tp3-num1)-tp9-num1)-tp9-num2)-tp19-num1)-tp9-num1)-tp6-num1)-tp6-num1)
431,431,29,(w1-gp(w12-gp(w1-gp(w10-gp(w10-gp(w3-gp(w3-gp(w14-gp(w1-gp55-tp3-num1)-tp9-num1)-tp36-num1)-tp3-num1)-tp15-num1)-tp6-num1)-tp9-num1)-tp24-num1)-tp6-num1)
432,432,1329,(w7-gp(w12-gp(w6-gp(w4-gp(w15-gp(w2-gp(w14-gp(w3-gp(w14-gp(w1-gp55-tp3-num1)-tp9-num1)-tp0-num1)-tp3-num1)-tp3-num1)-tp3-num1)-tp6-num2)-tp6-num1)-tp2355-num1)-tp6-num1)
433,433,1602,(w12-gp(w11-gp(w13-gp(w15-gp(w15-gp(w15-gp(w12-gp(w7-gp(w3-gp(w14-gp(w1-gp55-tp3-num1)-tp9-num1)-tp12-num1)-tp3-num1)-tp3-num1)-tp6-num2)-tp6-num1)-tp24-num1)-tp6-num1)-tp6787-num1)-tp24-num1)
434,434,824,(w1-gp(w8-gp(w2-gp(w8-gp(w14-gp(w2-gp(w3-gp(w3-gp(w14-gp(w1-gp55-tp3-num1)-tp9-num1)-tp19-num1)-tp3-num1)-tp3-num1)-tp3-num1)-tp6-num2)-tp6-num1)-tp3388-num1)-tp6-num1)
435,435,1932,(w8-gp(w11-gp(w13-gp(w15-gp(w15-gp(w15-gp(w12-gp(w7-gp(w3-gp(w14-gp(w1-gp55-tp3-num1)-tp9-num1)-tp12-num1)-tp3-num1)-tp3-num1)-tp6-num2)-tp6-num1)-tp24-num1)-tp6-num1)-tp24-num1)-tp1166-num1)
436,436,161,(w11-gp(w3-gp(w2-gp(w2-gp(w6-gp(w15-gp(w3-gp(w14-gp(w1-gp55-tp3-num1)-tp9-num1)-tp458-num1)-tp15-num1)-tp3-num1)-tp9-num1)-tp6-num1)-tp6-num1)-tp6889-num1)
437,437,456,(w3-gp(w8-gp(w14-gp(w10-gp(w12-gp(w9-gp(w4-gp(w14-gp(w1-gp55-tp3-num1)-tp6-num1)-tp17-num1)-tp3-num1)-tp3-num1)-tp64-num1)-tp6-num1)-tp6-num1)-tp24-num2)
438,438,376,(w15-gp(w8-gp(w8-gp(w3-gp(w14-gp(w14-gp(w3-gp(w14-gp(w1-gp55-tp3-num1)-tp9-num1)-tp0-num1)-tp15-num1)-tp3-num1)-tp9-num2)-tp6-num1)-tp6-num1)-tp767-num1)
439,439,849,(w10-gp(w4-gp(w12-gp(w5-gp(w12-gp(w1-gp(w1-gp(w1-gp(w1-gp(w1-gp55-tp13-num1)-tp3-num1)-tp3-num1)-tp3-num1)-tp9-num1)-tp458-num1)-tp6-num2)-tp6-num1)-tp6-num1)-tp1346-num1)
440,440,1503,(w10-gp(w2-gp(w6-gp(w10-gp(w14-gp(w1-gp(w1-gp(w1-gp(w1-gp(w1-gp(w1-gp55-tp13-num1)-tp3-num1)-tp3-num1)-tp3-num1)-tp6-num1)-tp6-num1)-tp9-num1)-tp6-num1)-tp6-num1)-tp9-num1)-tp36-num1)
441,441,76,(w1-gp(w9-gp(w3-gp(w13-gp(w12-gp(w1-gp(w1-gp(w1-gp(w1-gp55-tp13-num1)-tp3-num1)-tp3-num1)-tp9-num1)-tp9-num2)-tp458-num1)-tp9-num1)-tp6-num1)-tp6-num1)
442,442,1088,(w15-gp(w15-gp(w1-gp(w6-gp(w12-gp(w1-gp(w1-gp(w1-gp(w1-gp(w1-gp55-tp13-num1)-tp3-num1)-tp3-num1)-tp3-num1)-tp9-num1)-tp12-num1)-tp6-num2)-tp6-num1)-tp6-num1)-tp220-num1)
443,443,507,(w4-gp(w9-gp(w11-gp(w12-gp(w1-gp(w1-gp(w1-gp(w1-gp(w1-gp55-tp13-num1)-tp3-num1)-tp3-num1)-tp3-num1)-tp9-num1)-tp9-num1)-tp6-num2)-tp6-num1)-tp6-num3)
444,444,184,(w12-gp(w1-gp(w1-gp(w1-gp(w1-gp(w1-gp(w1-gp(w1-gp(w1-gp55-tp13-num1)-tp3-num1)-tp3-num1)-tp3-num1)-tp3-num1)-tp3-num1)-tp9-num1)-tp6-num1)-tp6-num1)
445,445,229,(w12-gp(w3-gp(w4-gp(w5-gp(w9-gp(w15-gp(w3-gp(w14-gp(w1-gp55-tp3-num1)-tp9-num1)-tp458-num1)-tp3-num1)-tp3-num1)-tp3-num1)-tp6-num2)-tp6-num1)-tp6-num2)
446,446,381,(w2-gp(w11-gp(w11-gp(w13-gp(w12-gp(w7-gp(w12-gp(w12-gp(w1-gp55-tp200-num1)-tp3-num1)-tp3-num1)-tp3-num1)-tp9-num1)-tp19-num1)-tp6-num2)-tp6-num1)-tp24-num1)
447,447,338,(w15-gp(w1-gp(w3-gp(w5-gp(w12-gp(w7-gp(w12-gp(w12-gp(w1-gp55-tp200-num1)-tp3-num1)-tp3-num1)-tp3-num1)-tp6-num1)-tp2355-num1)-tp6-num1)-tp6-num1)-tp24-num1)
448,448,1730,(w15-gp(w8-gp(w12-gp(w14-gp(w8-gp(w11-gp(w10-gp(w3-gp(w3-gp(w14-gp(w1-gp55-tp3-num1)-tp9-num1)-tp36-num1)-tp3-num1)-tp3-num1)-tp9-num2)-tp6-num2)-tp6-num1)-tp17-num1)-tp6-num1)-tp6-num1)
449,449,90,(w10-gp(w10-gp(w5-gp(w3-gp(w12-gp(w7-gp(w12-gp(w12-gp(w1-gp55-tp200-num1)-tp3-num1)-tp3-num1)-tp3-num1)-tp3-num1)-tp3-num1)-tp6-num1)-tp6-num1)-tp6-num1)
450,450,137,(w11-gp(w10-gp(w2-gp(w4-gp(w1-gp(w14-gp(w3-gp(w14-gp(w1-gp55-tp3-num1)-tp9-num1)-tp25-num1)-tp3-num1)-tp3-num1)-tp9-num1)-tp6-num2)-tp6-num1)-tp6-num2)
451,451,1951,(w8-gp(w13-gp(w12-gp(w14-gp(w8-gp(w11-gp(w10-gp(w3-gp(w3-gp(w14-gp(w1-gp55-tp3-num1)-tp9-num1)-tp36-num1)-tp3-num1)-tp3-num1)-tp9-num2)-tp6-num2)-tp6-num1)-tp658-num1)-tp6-num1)-tp6-num1)
452,452,579,(w5-gp(w5-gp(w5-gp(w11-gp(w12-gp(w7-gp(w3-gp(w14-gp(w1-gp55-tp3-num1)-tp9-num1)-tp12-num1)-tp15-num1)-tp3-num1)-tp9-num2)-tp6-num1)-tp6-num1)-tp658-num1)
453,453,317,(w14-gp(w15-gp(w5-gp(w15-gp(w12-gp(w7-gp(w3-gp(w14-gp(w1-gp55-tp3-num1)-tp9-num1)-tp12-num1)-tp3-num1)-tp3-num1)-tp3-num1)-tp6-num1)-tp6-num3)-tp6-num1)
454,454,1529,(w10-gp(w5-gp(w2-gp(w14-gp(w3-gp(w15-gp(w2-gp(w14-gp(w3-gp(w14-gp(w1-gp55-tp3-num1)-tp9-num1)-tp0-num1)-tp3-num1)-tp3-num1)-tp15-num1)-tp6-num2)-tp6-num1)-tp6-num1)-tp6-num1)-tp690-num1)
455,455,1506,(w10-gp(w3-gp(w12-gp(w9-gp(w4-gp(w7-gp(w6-gp(w10-gp(w3-gp(w14-gp(w1-gp55-tp3-num1)-tp9-num1)-tp68-num1)-tp3-num1)-tp3-num1)-tp3-num1)-tp6-num1)-tp6-num1)-tp6-num1)-tp9-num1)-tp6-num1)
456,456,763,(w9-gp(w15-gp(w2-gp(w12-gp(w1-gp(w1-gp(w1-gp(w1-gp(w1-gp55-tp13-num1)-tp3-num1)-tp3-num1)-tp3-num1)-tp9-num1)-tp0-num1)-tp6-num2)-tp6-num2)-tp24-num1)
457,457,203,(w12-gp(w12-gp(w15-gp(w7-gp(w11-gp(w4-gp(w12-gp(w12-gp(w1-gp55-tp200-num1)-tp3-num1)-tp9-num1)-tp9-num1)-tp3-num1)-tp9-num2)-tp9-num1)-tp6-num1)-tp6-num2)
458,458,294,(w13-gp(w15-gp(w4-gp(w1-gp(w1-gp(w1-gp(w1-gp(w1-gp(w1-gp55-tp13-num1)-tp3-num1)-tp3-num1)-tp3-num1)-tp6-num1)-tp1353-num1)-tp6-num1)-tp6-num1)-tp24-num1)
459,459,891,(w11-gp(w2-gp(w4-gp(w15-gp(w15-gp(w12-gp(w7-gp(w3-gp(w14-gp(w1-gp55-tp3-num1)-tp9-num1)-tp12-num1)-tp3-num1)-tp3-num1)-tp6-num2)-tp9-num1)-tp6-num1)-tp6-num1)-tp6-num1)
460,460,642,(w7-gp(w1-gp(w4-gp(w7-gp(w12-gp(w10-gp(w3-gp(w14-gp(w1-gp55-tp3-num1)-tp9-num1)-tp68-num1)-tp15-num1)-tp3-num1)-tp9-num2)-tp6-num1)-tp6-num1)-tp17-num1)
461,461,1619,(w12-gp(w14-gp(w10-gp(w12-gp(w14-gp(w7-gp(w6-gp(w10-gp(w3-gp(w14-gp(w1-gp55-tp3-num1)-tp9-num1)-tp68-num1)-tp3-num1)-tp3-num1)-tp9-num2)-tp6-num2)-tp6-num1)-tp6-num2)-tp690-num1)-tp6-num1)
462,462,1040,(w14-gp(w13-gp(w12-gp(w9-gp(w15-gp(w12-gp(w7-gp(w3-gp(w14-gp(w1-gp55-tp3-num1)-tp9-num1)-tp12-num1)-tp3-num1)-tp3-num1)-tp9-num1)-tp9-num1)-tp6-num1)-tp1346-num1)-tp6-num1)
463,463,1985,(w9-gp(w8-gp(w10-gp(w1-gp(w11-gp(w10-gp(w10-gp(w3-gp(w3-gp(w14-gp(w1-gp55-tp3-num1)-tp9-num1)-tp36-num1)-tp3-num1)-tp15-num1)-tp3-num1)-tp6-num1)-tp6-num2)-tp6-num1)-tp6-num1)-tp9-num1)
464,464,1972,(w8-gp(w9-gp(w10-gp(w12-gp(w14-gp(w7-gp(w6-gp(w10-gp(w3-gp(w14-gp(w1-gp55-tp3-num1)-tp9-num1)-tp68-num1)-tp3-num1)-tp3-num1)-tp9-num2)-tp6-num2)-tp6-num1)-tp2965-num1)-tp6-num1)-tp6-num1)
465,465,1126,(w2-gp(w2-gp(w13-gp(w6-gp(w15-gp(w12-gp(w7-gp(w3-gp(w14-gp(w1-gp55-tp3-num1)-tp9-num1)-tp12-num1)-tp3-num1)-tp3-num1)-tp9-num2)-tp6-num3)-tp6-num1)-tp6-num2)-tp198-num1)
466,466,36,(w1-gp(w15-gp(w6-gp(w15-gp(w12-gp(w7-gp(w3-gp(w14-gp(w1-gp55-tp3-num1)-tp9-num1)-tp12-num1)-tp3-num1)-tp3-num1)-tp9-num2)-tp6-num1)-tp6-num3)-tp6-num1)
467,467,652,(w7-gp(w10-gp(w3-gp(w15-gp(w2-gp(w14-gp(w3-gp(w14-gp(w1-gp55-tp3-num1)-tp9-num1)-tp0-num1)-tp3-num1)-tp3-num1)-tp9-num2)-tp6-num1)-tp6-num2)-tp1346-num1)
468,468,1384,(w8-gp(w5-gp(w5-gp(w15-gp(w13-gp(w12-gp(w7-gp(w12-gp(w12-gp(w1-gp55-tp200-num1)-tp3-num1)-tp3-num1)-tp3-num1)-tp9-num1)-tp0-num1)-tp9-num1)-tp6-num2)-tp6-num1)-tp6-num2)
469,469,162,(w11-gp(w4-gp(w1-gp(w13-gp(w12-gp(w1-gp(w1-gp(w1-gp(w1-gp55-tp13-num1)-tp3-num1)-tp3-num1)-tp9-num1)-tp9-num2)-tp12-num1)-tp6-num2)-tp6-num1)-tp24-num1)
470,470,640,(w7-gp(w1-gp(w4-gp(w7-gp(w12-gp(w10-gp(w3-gp(w14-gp(w1-gp55-tp3-num1)-tp9-num1)-tp68-num1)-tp15-num1)-tp3-num1)-tp9-num2)-tp6-num1)-tp6-num1)-tp1346-num1)
471,471,1575,(w11-gp(w4-gp(w14-gp(w3-gp(w8-gp(w9-gp(w1-gp(w9-gp(w14-gp(w14-gp(w1-gp55-tp3-num1)-tp3-num1)-tp64-num1)-tp3-num1)-tp3-num1)-tp3-num1)-tp9-num1)-tp6-num1)-tp6-num2)-tp6-num2)-tp19-num1)
472,472,1778,(w3-gp(w10-gp(w10-gp(w12-gp(w14-gp(w7-gp(w6-gp(w10-gp(w3-gp(w14-gp(w1-gp55-tp3-num1)-tp9-num1)-tp68-num1)-tp3-num1)-tp3-num1)-tp9-num2)-tp6-num2)-tp6-num1)-tp1074-num1)-tp6-num1)-tp6-num1)
473,473,333,(w14-gp(w3-gp(w8-gp(w9-gp(w1-gp(w9-gp(w14-gp(w14-gp(w1-gp55-tp3-num1)-tp3-num1)-tp64-num1)-tp3-num1)-tp3-num1)-tp3-num1)-tp9-num1)-tp6-num1)-tp6-num1)
474,474,164,(w11-gp(w4-gp(w8-gp(w15-gp(w15-gp(w1-gp(w1-gp(w1-gp(w1-gp55-tp13-num1)-tp3-num1)-tp6-num1)-tp6-num1)-tp3-num1)-tp9-num2)-tp9-num1)-tp6-num1)-tp6-num1)
475,475,1100,(w15-gp(w7-gp(w10-gp(w2-gp(w11-gp(w10-gp(w3-gp(w3-gp(w14-gp(w1-gp55-tp3-num1)-tp9-num1)-tp36-num1)-tp3-num1)-tp3-num1)-tp6-num2)-tp6-num1)-tp24-num1)-tp6-num1)-tp6-num1)
476,476,1165,(w3-gp(w3-gp(w8-gp(w5-gp(w15-gp(w12-gp(w7-gp(w3-gp(w14-gp(w1-gp55-tp3-num1)-tp9-num1)-tp12-num1)-tp3-num1)-tp3-num1)-tp3-num1)-tp6-num2)-tp6-num1)-tp198-num1)-tp6-num1)
477,477,1086,(w15-gp(w15-gp(w1-gp(w6-gp(w12-gp(w1-gp(w1-gp(w1-gp(w1-gp(w1-gp55-tp13-num1)-tp3-num1)-tp3-num1)-tp3-num1)-tp9-num1)-tp12-num1)-tp6-num2)-tp6-num1)-tp6-num1)-tp1353-num1)
478,478,1841,(w4-gp(w3-gp(w6-gp(w10-gp(w3-gp(w15-gp(w2-gp(w14-gp(w3-gp(w14-gp(w1-gp55-tp3-num1)-tp9-num1)-tp0-num1)-tp3-num1)-tp3-num1)-tp9-num2)-tp6-num2)-tp6-num1)-tp6-num2)-tp6-num2)-tp6-num2)
479,479,651,(w7-gp(w10-gp(w2-gp(w11-gp(w10-gp(w3-gp(w3-gp(w14-gp(w1-gp55-tp3-num1)-tp9-num1)-tp36-num1)-tp3-num1)-tp3-num1)-tp6-num2)-tp6-num1)-tp24-num1)-tp6-num1)
480,480,1041,(w14-gp(w13-gp(w12-gp(w9-gp(w15-gp(w12-gp(w7-gp(w3-gp(w14-gp(w1-gp55-tp3-num1)-tp9-num1)-tp12-num1)-tp3-num1)-tp3-num1)-tp9-num1)-tp9-num1)-tp6-num1)-tp3388-num1)-tp6-num1)
481,481,1671,(w14-gp(w11-gp(w5-gp(w9-gp(w1-gp(w12-gp(w1-gp(w1-gp(w1-gp(w1-gp(w1-gp55-tp13-num1)-tp3-num1)-tp3-num1)-tp3-num1)-tp9-num1)-tp19-num1)-tp6-num1)-tp6-num1)-tp6-num1)-tp6-num1)-tp9-num1)
482,482,1483,(w1-gp(w6-gp(w4-gp(w10-gp(w5-gp(w3-gp(w12-gp(w7-gp(w12-gp(w12-gp(w1-gp55-tp200-num1)-tp3-num1)-tp3-num1)-tp3-num1)-tp3-num1)-tp3-num1)-tp9-num1)-tp6-num1)-tp6-num1)-tp9-num1)-tp1085-num1)
483,483,1588,(w11-gp(w9-gp(w1-gp(w3-gp(w4-gp(w11-gp(w10-gp(w3-gp(w3-gp(w14-gp(w1-gp55-tp3-num1)-tp9-num1)-tp36-num1)-tp3-num1)-tp3-num1)-tp3-num1)-tp6-num2)-tp6-num1)-tp6-num1)-tp9-num1)-tp4838-num2)
484,484,959,(w12-gp(w8-gp(w5-gp(w12-gp(w3-gp(w9-gp(w4-gp(w3-gp(w14-gp(w1-gp55-tp3-num1)-tp9-num1)-tp1085-num1)-tp3-num1)-tp3-num1)-tp3-num1)-tp6-num2)-tp6-num1)-tp1074-num1)-tp6-num1)
485,485,919,(w11-gp(w6-gp(w8-gp(w6-gp(w15-gp(w12-gp(w7-gp(w3-gp(w14-gp(w1-gp55-tp3-num1)-tp9-num1)-tp12-num1)-tp3-num1)-tp3-num1)-tp9-num2)-tp9-num1)-tp6-num2)-tp1353-num1)-tp6-num1)
486,486,766,(w9-gp(w6-gp(w4-gp(w13-gp(w12-gp(w7-gp(w12-gp(w12-gp(w1-gp55-tp200-num1)-tp3-num1)-tp3-num1)-tp3-num1)-tp9-num1)-tp3-num1)-tp9-num1)-tp6-num1)-tp6-num1)
487,487,355,(w15-gp(w13-gp(w9-gp(w1-gp(w3-gp(w15-gp(w3-gp(w14-gp(w1-gp55-tp3-num1)-tp9-num1)-tp458-num1)-tp200-num1)-tp3-num1)-tp3-num1)-tp6-num2)-tp6-num1)-tp24-num1)
488,488,649,(w7-gp(w1-gp(w4-gp(w7-gp(w12-gp(w10-gp(w3-gp(w14-gp(w1-gp55-tp3-num1)-tp9-num1)-tp68-num1)-tp15-num1)-tp3-num1)-tp9-num2)-tp6-num1)-tp6-num1)-tp690-num1)
489,489,293,(w13-gp(w15-gp(w15-gp(w15-gp(w12-gp(w7-gp(w3-gp(w14-gp(w1-gp55-tp3-num1)-tp9-num1)-tp12-num1)-tp3-num1)-tp3-num1)-tp6-num2)-tp6-num1)-tp24-num1)-tp6-num1)
490,490,645,(w7-gp(w1-gp(w4-gp(w7-gp(w12-gp(w10-gp(w3-gp(w14-gp(w1-gp55-tp3-num1)-tp9-num1)-tp68-num1)-tp15-num1)-tp3-num1)-tp9-num2)-tp6-num1)-tp6-num1)-tp2965-num1)
491,491,1432,(w9-gp(w2-gp(w10-gp(w6-gp(w14-gp(w6-gp(w10-gp(w3-gp(w14-gp(w1-gp55-tp3-num1)-tp9-num1)-tp68-num1)-tp3-num1)-tp64-num1)-tp3-num1)-tp6-num2)-tp6-num1)-tp6-num1)-tp17-num1)
492,492,897,(w11-gp(w5-gp(w10-gp(w11-gp(w13-gp(w12-gp(w7-gp(w12-gp(w12-gp(w1-gp55-tp200-num1)-tp3-num1)-tp3-num1)-tp3-num1)-tp9-num1)-tp6-num2)-tp9-num1)-tp6-num1)-tp658-num1)-tp6-num1)
493,493,765,(w9-gp(w4-gp(w3-gp(w11-gp(w10-gp(w10-gp(w3-gp(w14-gp(w1-gp55-tp3-num1)-tp9-num1)-tp68-num1)-tp13-num1)-tp3-num1)-tp3-num1)-tp6-num2)-tp6-num3)-tp6-num1)
494,494,996,(w13-gp(w5-gp(w10-gp(w11-gp(w13-gp(w12-gp(w7-gp(w12-gp(w12-gp(w1-gp55-tp200-num1)-tp3-num1)-tp3-num1)-tp3-num1)-tp9-num1)-tp6-num2)-tp9-num1)-tp6-num1)-tp3388-num1)-tp6-num1)
495,495,1209,(w4-gp(w12-gp(w3-gp(w4-gp(w5-gp(w9-gp(w15-gp(w3-gp(w14-gp(w1-gp55-tp3-num1)-tp9-num1)-tp458-num1)-tp3-num1)-tp3-num1)-tp3-num1)-tp6-num2)-tp6-num1)-tp6-num1)-tp9-num1)
496,496,502,(w4-gp(w9-gp(w1-gp(w12-gp(w1-gp(w1-gp(w1-gp(w1-gp(w1-gp55-tp13-num1)-tp3-num1)-tp3-num1)-tp3-num1)-tp9-num1)-tp19-num1)-tp6-num2)-tp6-num4)-tp6-num1)
497,497,1301,(w6-gp(w6-gp(w10-gp(w3-gp(w15-gp(w2-gp(w14-gp(w3-gp(w14-gp(w1-gp55-tp3-num1)-tp9-num1)-tp0-num1)-tp3-num1)-tp3-num1)-tp9-num2)-tp6-num2)-tp6-num1)-tp6-num3)-tp6-num1)
498,498,530,(w5-gp(w12-gp(w2-gp(w11-gp(w12-gp(w7-gp(w3-gp(w14-gp(w1-gp55-tp3-num1)-tp9-num1)-tp12-num1)-tp15-num1)-tp3-num1)-tp9-num1)-tp9-num1)-tp6-num1)-tp6-num2)
499,499,568,(w5-gp(w3-gp(w4-gp(w7-gp(w12-gp(w10-gp(w3-gp(w14-gp(w1-gp55-tp3-num1)-tp9-num1)-tp68-num1)-tp15-num1)-tp3-num1)-tp9-num2)-tp9-num1)-tp6-num1)-tp6-num1)
500,500,140,(w11-gp(w11-gp(w14-gp(w15-gp(w1-gp(w9-gp(w14-gp(w14-gp(w1-gp55-tp3-num1)-tp3-num1)-tp64-num1)-tp3-num1)-tp9-num1)-tp0-num1)-tp6-num2)-tp6-num1)-tp6-num1)
501,501,1692,(w14-gp(w8-gp(w12-gp(w1-gp(w1-gp(w1-gp(w1-gp(w1-gp(w1-gp(w1-gp(w1-gp55-tp13-num1)-tp3-num1)-tp3-num1)-tp3-num1)-tp3-num1)-tp3-num1)-tp9-num1)-tp6-num1)-tp6-num2)-tp6-num1)-tp0-num1)
502,502,584,(w5-gp(w9-gp(w6-gp(w15-gp(w1-gp(w9-gp(w14-gp(w14-gp(w1-gp55-tp3-num1)-tp3-num1)-tp64-num1)-tp3-num1)-tp9-num1)-tp12-num1)-tp6-num2)-tp6-num2)-tp24-num1)
503,503,1615,(w12-gp(w13-gp(w14-gp(w15-gp(w2-gp(w12-gp(w1-gp(w1-gp(w1-gp(w1-gp(w1-gp55-tp13-num1)-tp3-num1)-tp3-num1)-tp3-num1)-tp9-num1)-tp0-num1)-tp6-num2)-tp6-num1)-tp6-num1)-tp6-num1)-tp6-num1)
504,504,641,(w7-gp(w1-gp(w4-gp(w7-gp(w12-gp(w10-gp(w3-gp(w14-gp(w1-gp55-tp3-num1)-tp9-num1)-tp68-num1)-tp15-num1)-tp3-num1)-tp9-num2)-tp6-num1)-tp6-num1)-tp1353-num1)
505,505,481,(w4-gp(w10-gp(w5-gp(w3-gp(w12-gp(w7-gp(w12-gp(w12-gp(w1-gp55-tp200-num1)-tp3-num1)-tp3-num1)-tp3-num1)-tp3-num1)-tp3-num1)-tp9-num1)-tp6-num1)-tp6-num1)
506,506,534,(w5-gp(w13-gp(w8-gp(w14-gp(w1-gp(w9-gp(w14-gp(w14-gp(w1-gp55-tp3-num1)-tp3-num1)-tp64-num1)-tp3-num1)-tp6-num1)-tp6-num2)-tp9-num1)-tp6-num1)-tp2780-num1)
507,507,536,(w5-gp(w13-gp(w8-gp(w14-gp(w1-gp(w9-gp(w14-gp(w14-gp(w1-gp55-tp3-num1)-tp3-num1)-tp64-num1)-tp3-num1)-tp6-num1)-tp6-num2)-tp9-num1)-tp6-num1)-tp9463-num1)
508,508,639,(w7-gp(w1-gp(w4-gp(w7-gp(w12-gp(w10-gp(w3-gp(w14-gp(w1-gp55-tp3-num1)-tp9-num1)-tp68-num1)-tp15-num1)-tp3-num1)-tp9-num2)-tp6-num1)-tp6-num1)-tp1074-num1)
509,509,545,(w5-gp(w15-gp(w5-gp(w15-gp(w12-gp(w7-gp(w3-gp(w14-gp(w1-gp55-tp3-num1)-tp9-num1)-tp12-num1)-tp3-num1)-tp3-num1)-tp3-num1)-tp6-num1)-tp6-num1)-tp6-num1)
510,510,845,(w10-gp(w15-gp(w10-gp(w4-gp(w15-gp(w2-gp(w14-gp(w3-gp(w14-gp(w1-gp55-tp3-num1)-tp9-num1)-tp0-num1)-tp3-num1)-tp3-num1)-tp3-num1)-tp6-num1)-tp6-num1)-tp6-num1)-tp9-num1)
511,511,1697,(w14-gp(w8-gp(w12-gp(w1-gp(w1-gp(w1-gp(w1-gp(w1-gp(w1-gp(w1-gp(w1-gp55-tp13-num1)-tp3-num1)-tp3-num1)-tp3-num1)-tp3-num1)-tp3-num1)-tp9-num1)-tp6-num1)-tp6-num2)-tp6-num1)-tp68-num1)
512,512,300,(w13-gp(w8-gp(w6-gp(w11-gp(w10-gp(w3-gp(w3-gp(w14-gp(w1-gp55-tp3-num1)-tp9-num1)-tp36-num1)-tp3-num1)-tp3-num1)-tp64-num1)-tp6-num2)-tp6-num2)-tp24-num1)
513,513,147,(w11-gp(w14-gp(w2-gp(w13-gp(w5-gp(w14-gp(w3-gp(w14-gp(w1-gp55-tp3-num1)-tp9-num1)-tp4958-num1)-tp3-num1)-tp3-num1)-tp3-num1)-tp6-num2)-tp6-num1)-tp6-num1)
